"asx","oecd_li","abs_imports","abs_exports","gold_price_london_fixing","unemployment","rba_cash_rate","yearly_inflation","quarterly_inflation","exchange_rate","djia","pe_ratio","dividend","iron","oil","binary_asx"
-0.0919865962722732,0.311432244652596,-0.0929399217182439,-0.136295647822433,-0.149089291627618,-0.521824671625173,0.87324211457173,0.0831977997600077,1.06476362706703,-0.00163516929638361,-0.158807550566443,1.01709971211677,-1.08272814789539,-0.122876094169943,-0.0554899681921061,0
0.334890156815844,0.214812726736165,-0.128071432809268,0.226036055169336,-0.791173758351461,0.398223144069796,0.87324211457173,0.0831977997600077,1.06476362706703,0.588303984241992,0.525330765502782,0.100878554553271,-0.751339057774372,-0.122876094169943,0.186539529713599,1
-0.493015279839694,0.101918904587983,1.67976169341721,1.09644984972888,0.446747288279743,0.606208146696407,1.01074811270339,0.0831977997600077,1.06476362706703,-0.669298860198999,-0.791594095808957,0.00443422217816563,-0.585644512713864,-0.122876094169943,1.36643333200392,0
-0.912801381963036,0.0243593826186344,-0.220479117644829,1.18170651866738,-0.559664305645444,0.15884659349049,1.01074811270339,-0.0290224882883749,-0.2548152269904,0.336564731134918,-0.928675068586173,-0.28489877494715,-0.419949967653356,-0.122876094169943,-0.26614527192485,0
0.728323537960128,-0.0327326360105852,0.124453613365286,0.486434503169415,0.114979249616552,-0.213908993876381,1.01074811270339,-0.0290224882883749,-0.2548152269904,-0.924363314641889,0.540162969250768,-0.28489877494715,-0.419949967653356,-0.122876094169943,-0.699379764507285,1
1.02075103043977,-0.0929475616680717,-0.0754814932311545,-0.712890909135978,-0.894296566953105,-0.311529943377504,1.01074811270339,-0.0290224882883749,-0.2548152269904,0.298756063874039,-0.635775640626126,0.149100720740823,-0.751339057774372,-0.122876094169943,1.30955639999608,1
0.597245463340509,-0.16368946970248,0.0617978829964254,0.594711810321397,0.796274819206944,-0.740224769466528,1.01074811270339,0.0831977997600077,0.00910054382108575,-0.157688552596264,0.767402683368892,0.341989385491034,-0.917033602834879,-0.122876094169943,0.553905731891903,1
0.259044576170224,-0.229695701820819,0.674658804508997,-0.502749539826743,-0.586634178819628,-1.1555731599088,1.01074811270339,0.0831977997600077,0.00910054382108575,-0.464912016045138,-0.547337947334692,0.534878050241245,-1.4141172380164,-0.122876094169943,1.10132898789957,1
1.06683844763537,-0.269061924219239,-0.182987737922901,-0.302579823235398,0.12215048941155,-0.961344432105767,1.01074811270339,0.0831977997600077,0.00910054382108575,0.54529319214439,0.0570093333789295,0.534878050241245,-0.917033602834879,-0.122876094169943,0.119515976447404,1
-1.1279639891828,-0.272947231085382,-0.36251718820693,0.687468930439843,1.69878063901867,-0.467767036558697,1.01074811270339,0.756519528050303,1.06476362706703,-0.478600432396871,-0.476177741310234,0.197322886928377,-0.751339057774372,-0.122876094169943,-0.744907325862904,0
0.950298341773845,-0.251350789523787,1.55713321007188,-0.526958597413427,-0.180466257079634,-0.897979334097968,1.01074811270339,0.756519528050303,1.06476362706703,-0.373054866452711,0.752764303234857,0.293767219303482,-0.751339057774372,-0.122876094169943,-0.789385865067473,1
0.641586682114865,-0.219242027120599,-1.36553536327061,1.78620630252922,0.737145181129326,-1.13841019215074,1.01074811270339,0.756519528050303,1.06476362706703,-0.201328870324234,-0.3705597984889,0.534878050241245,-0.917033602834879,-0.122876094169943,0.140637383559068,1
0.839376791215213,-0.20868572167298,-0.315913990369111,-2.96539043949781,0.620976928282482,-0.563035600598795,1.01074811270339,0.419858663905155,0.00910054382108575,0.667439014615499,0.197819188526205,0.775988881179008,-1.08272814789539,1.75256012958985,1.10132898789957,1
-0.140479575018341,-0.222438241825567,-0.724781251196072,1.6355120321716,2.04376058303159,0.526377874027144,1.01074811270339,0.419858663905155,0.00910054382108575,-0.485269054584035,0.147523174922418,-0.0920101101969402,-0.751339057774372,-0.122876094169943,-0.580507802110636,0
1.03618767974631,-0.266466832463354,1.57675662040954,0.677242452086757,-0.611371443068582,0.654671248464382,1.01074811270339,0.419858663905155,0.00910054382108575,-0.858825988929216,0.115572215650292,0.390211551678587,-1.08272814789539,-0.122876094169943,0.127984006026735,1
0.575981341634107,-0.313193145604424,-0.407491481932222,0.101187902086323,0.829601393576527,-0.290791166890797,1.01074811270339,0.532078951953538,0.536932085444059,1.51643938422608,0.445078586074325,0.63132238261635,-1.2484226929559,-0.122876094169943,1.20844185420436,1
-1.39010176394371,-0.300833471309514,1.17411285927708,-0.0937813277195123,1.69068618300805,-0.429488971582791,1.14825411083504,0.532078951953538,0.536932085444059,0.35202651794254,-0.614023570043643,0.149100720740823,-0.751339057774372,-0.122876094169943,0.107015551830296,0
0.290373076207727,-0.192660663542073,-0.372455995964631,0.957509051435292,0.339639207149788,-0.790465872421691,1.14825411083504,0.532078951953538,0.536932085444059,-0.755991965166254,-0.200716562352247,0.197322886928377,-0.751339057774372,-0.122876094169943,-0.0554899681921061,1
-0.552683699132052,0.00852492444719604,-0.8279915824638,-0.432616446759387,-1.7722628937707,-0.971212567229512,1.14825411083504,1.76650212048575,2.38434248112446,0.857309273627915,-0.0748542153872698,0.149100720740823,-0.751339057774372,-0.122876094169943,0.425160161451619,0
0.595272834425629,0.259970255595437,0.809753653969812,-0.145487878710423,1.05821941209532,-1.61905860905645,1.2857601089667,1.76650212048575,2.38434248112446,-0.116501572112289,0.294476164725772,-0.767120436822677,-0.585644512713864,-0.122876094169943,-0.209211406051135,1
0.110549409451777,0.525930506734141,-0.234328575551027,-0.396951951331654,-0.623231197511483,-1.26181292064893,1.2857601089667,1.76650212048575,2.38434248112446,-0.548538133622346,0.522034171015905,-0.767120436822677,-0.585644512713864,-0.122876094169943,-1.45793486701558,1
1.09341823708624,0.771071377684475,0.985849682986582,0.43341747437943,-0.786166592578577,-0.988636064724515,1.2857601089667,1.76650212048575,0.536932085444059,0.802596094745406,0.736208276210963,-0.477787439697361,-0.917033602834879,-0.122876094169943,-0.944192030814619,1
0.391522107528613,0.978532102800954,-0.58879143914364,-0.769181896217099,-0.177064978381778,-1.69747805987538,1.42326610709836,1.76650212048575,0.536932085444059,0.581225164090392,0.144669985100063,-0.526009605884914,-0.585644512713864,-0.122876094169943,-0.0554899681921061,1
0.81897923981769,1.13013237825708,-0.930016178016089,0.576724163349251,1.08687804445032,-1.76380496962945,1.42326610709836,1.76650212048575,0.536932085444059,0.226093433556069,0.353918145870559,-0.236676608759598,-0.917033602834879,-0.122876094169943,0.522919509853734,1
0.390557979025912,1.23217666425077,-0.180467029826712,-1.8786359900315,-0.232851634362491,-1.32895646162522,1.42326610709836,0.980960104147068,-1.31047831023635,-0.693725580597878,0.172922526622913,-0.0920101101969402,-0.917033602834879,1.15014728195791,-1.52328176194284,1
0.184092144091626,1.2861311143164,-0.484688559422314,0.47808375021199,0.164016989578604,-0.495009915074626,1.42326610709836,0.980960104147068,-1.31047831023635,0.586462382275873,-0.886012540087515,-0.477787439697361,-0.751339057774372,-0.122876094169943,0.997786550471613,1
0.645758463547061,1.29551449693651,1.01592586624882,0.494079053355562,0.809347632168012,-0.129151509690955,1.42326610709836,0.980960104147068,-1.31047831023635,0.682550656089229,0.0213365647197359,-0.333120941134704,-0.917033602834879,-0.122876094169943,0.330116350505119,1
0.665701029940287,1.29082280562644,-0.680064960800916,-0.181277529712367,-0.544021932705497,-0.953658043083181,1.42326610709836,0.0831977997600077,-1.57439408104783,0.694571764897608,1.3334677769448,-0.140232276384493,-1.08272814789539,-0.122876094169943,0.503955264671903,1
0.54560335961993,1.28642434502326,0.781514538554802,0.595428342260591,0.283728400313659,-1.33277604086795,1.42326610709836,0.0831977997600077,-1.57439408104783,-0.0840029686094767,0.965838445535748,0.00443422217816563,-1.08272814789539,-0.122876094169943,-0.233230380716609,1
-0.256061931919805,1.28510480684231,-0.290703008821304,-0.8413820628354,-0.774207298555193,-1.60338873569722,1.42326610709836,0.0831977997600077,-1.57439408104783,0.834766670562518,-0.576659382389934,0.100878554553271,-1.57981178307691,-0.122876094169943,0.666756787463016,0
-0.646536759416563,1.29595434299682,-0.211954344842877,0.348461974296193,-0.393411007749817,-1.69551723080262,1.42326610709836,-0.365683352433522,1.59259516869,0.282556545489252,-0.540822321714777,0.197322886928377,-1.57981178307691,-0.122876094169943,1.13298323794188,0
0.353330419017559,1.31017603228041,1.2439072251806,0.06765892787805,0.408264317976024,-2.16408224803774,1.56077210523002,-0.365683352433522,1.59259516869,-1.18671485397713,0.128531472750264,-0.62245393826002,-1.08272814789539,-0.122876094169943,-0.362932843910164,1
1.27296357812285,1.33040895105503,-1.06818355586683,-0.89771058316106,-0.111959294264826,-1.84162108842599,1.56077210523002,-0.365683352433522,1.59259516869,2.11600645564158,0.888444349541887,-0.236676608759598,-1.4141172380164,-0.122876094169943,1.20844185420436,1
0.66026492034991,1.33832618014076,1.3723800476919,-0.182380049695629,1.91888758918612,-1.69793817672074,1.56077210523002,-0.70234421657867,0.00910054382108575,1.24886329788924,-0.095186705706162,0.00443422217816563,-1.4141172380164,-0.122876094169943,0.797664011925506,1
-0.961176132237867,1.30797680197883,-0.0483304355413207,0.217738356752563,1.06566179186599,-1.86424146856838,1.69827810336167,-0.70234421657867,0.00910054382108575,-1.08235056741268,-1.2003893992628,-0.28489877494715,-1.08272814789539,-0.122876094169943,1.13495744592549,0
-0.876730449650801,1.21077082264865,-1.34328507476116,1.18015713109206,0.148114286879954,-1.84647669235364,1.69827810336167,-0.70234421657867,0.00910054382108575,-0.158477767864311,-0.366871927489013,-0.429565273509809,-0.917033602834879,-0.122876094169943,-0.534453606152871,0
-2.98295339964597,1.04890747245177,0.845820786350668,-1.84871693826925,0.891319163573154,-1.70160997008931,1.69827810336167,0.532078951953538,1.59259516869,0.217233713043518,-1.36433799337201,-1.20111993251065,-0.254255422592849,6.68951926997372,0.194518524150051,0
-0.458702231415115,0.863732281058062,-0.291935172224536,0.0408112319964479,1.91665908466234,-1.15616430340549,1.83578410149333,0.532078951953538,1.59259516869,1.85728664457983,-0.948123755887347,-1.39400859726086,-0.254255422592849,-0.122876094169943,0.189141997433016,0
-1.12172264172003,0.70538769934372,-0.0101356115182569,1.51669339735885,0.821067798328985,-1.27332803030853,1.97329009962499,0.532078951953538,1.59259516869,-0.858961617946428,-0.165167133201693,-1.1528977663231,-0.08856087753234,-0.122876094169943,1.14191912670981,0
1.09334702888603,0.590001416187073,0.543565629688441,0.596558708209453,-0.798019336867747,-1.53983319197529,1.97329009962499,2.10316298463089,1.59259516869,0.483657420850427,1.02224381849542,-1.1528977663231,-0.08856087753234,-0.122876094169943,0.81120613859404,1
0.192875346197933,0.46493851970343,0.361366956704767,0.95196073377489,-1.61770201100372,-1.50346263127218,1.97329009962499,2.10316298463089,1.59259516869,0.673036237329532,-0.527949739592037,-1.1528977663231,-0.254255422592849,-0.122876094169943,1.15251566737265,1
-2.15880984995089,0.290906095171094,-0.140660989363613,0.0782573626233945,0.119087489670483,-1.55762539237286,1.97329009962499,2.10316298463089,1.59259516869,0.197253036566701,-2.80881950124234,-1.73156376057373,0.408522757649183,-0.122876094169943,0.763537852720803,0
-1.30427490312031,0.0440058399794935,0.92958040633448,0.235282583170505,1.0500280893774,-1.82481311147908,1.97329009962499,2.21538327267928,1.85651093950149,-0.567616440620439,-0.0946611207011999,-1.87623025913639,0.739911847770199,-0.122876094169943,-0.140380911487391,0
0.756632412271052,-0.293121503718602,-0.84587244972005,1.07408640966495,-0.589675372904747,-2.10396386856456,1.97329009962499,2.21538327267928,1.85651093950149,-2.39284642182683,0.220553272667301,-1.68334159438618,0.905606392830707,-0.122876094169943,-1.42395750522286,1
-2.85900494370422,-0.752687329073779,1.61039799297654,0.56258376395162,-1.78865959293806,-2.23374881383492,1.83578410149333,2.21538327267928,1.85651093950149,-2.11363650199013,-1.719751242486,-2.21378542244926,1.07130093789122,-0.122876094169943,-1.31942179058857,0
-3.45787407440902,-1.32371014611344,0.424181367018277,1.3024618348458,1.28332075726112,-1.57913052241326,1.2857601089667,2.88870500096957,1.32867939787852,-4.67177401774353,-3.8155560395436,-3.03356224763765,3.72241365885934,-0.122876094169943,-3.00871528398384,0
-1.91003747661582,-1.96000611850421,-0.623430073124366,-1.30241998276067,-3.86945293708273,-1.96017126012796,0.87324211457173,2.88870500096957,1.32867939787852,-0.460404082656119,-1.54187435090868,-3.08178441382521,4.05380274898036,-0.122876094169943,-3.01013578678124,0
-0.24101969775298,-2.56467715915816,-0.539654844845508,-0.707676503808851,2.1617369958557,-1.79071723438563,0.323218122045102,2.88870500096957,1.32867939787852,1.53545424691734,-0.314897404155407,-2.888895749075,3.39102456873833,1.42666465464142,-3.24858088793054,0
-1.38375744003846,-3.06403439143674,-1.94203598041967,-2.2116699996893,1.10470879141555,-1.35738924496307,0.323218122045102,1.4298412563406,-1.57439408104783,-2.00857748497869,-2.45503766558028,-3.22645091238786,4.38519183910137,0.327228599532407,0.22195848062663,0
-1.56231184973964,-3.42014842340521,-0.557588784551423,0.681430521892399,1.07585293003972,0.0229064427392055,-0.226805870481526,1.4298412563406,-1.57439408104783,0.0688853820881728,-3.20718604019412,-2.9853400814501,4.21949729404086,0.308731146366555,-0.868017568304118,0
1.79008220614243,-3.6075521681712,0.510630372706352,0.751242060421956,0.395363402962638,1.05208422333205,-0.226805870481526,1.4298412563406,-1.57439408104783,1.84054350683445,1.8512743678711,-2.69600708432478,3.05963547861731,-1.78115654465228,2.56959920140055,1
1.3837565223581,-3.59852066239933,-0.901960712591639,-2.35046414299807,-0.678975172402348,1.15447850421231,-0.364311868613183,-0.0290224882883749,-1.83830985185932,1.61676685171884,1.75146152104283,-2.45489625338702,2.23116275331477,-0.77927877248587,0.418484465206568,1
0.167956518514247,-3.38267353906616,-1.23559509499901,-0.599848314728071,-0.785182538772671,0.446006735529729,-0.364311868613183,-0.0290224882883749,-1.83830985185932,2.52542365253359,0.898089473614157,-2.16556325626171,1.73407911813325,0.402246048482798,1.99207958409016,1
0.861178026709,-2.97291294927427,0.73034958266117,-0.212744163187754,1.6999845770394,0.858923515093897,-0.364311868613183,-0.0290224882883749,-1.83830985185932,0.722820440713597,-0.320938999664909,-2.21378542244926,1.56838457307274,1.37747288483789,2.06534478464264,1
1.84905403662664,-2.40841451546267,0.727349961357605,-0.356500850967279,-0.780734722072784,0.706105303372901,-0.364311868613183,-1.1512253687722,-0.2548152269904,0.582385418105801,2.07294393666317,-1.92445242532394,1.07130093789122,1.62753104800586,-1.03052308832652,1
1.37888837823444,-1.74996496316722,-1.02864530774762,-0.218973001646772,-0.243800378418168,-0.0286601623863522,-0.364311868613183,-1.1512253687722,-0.2548152269904,0.382144467063533,0.759718091085306,-0.62245393826002,-0.419949967653356,1.62753104800586,1.18869291947941,1
1.47963534520281,-1.07220616882382,1.62368810890324,0.45211943726392,0.152270295617133,0.329335120352013,-0.364311868613183,-1.1512253687722,-0.2548152269904,1.37776294821242,0.43264970759347,-0.381343107322256,-0.751339057774372,-1.94472842582231,-0.375923387954589,1
-0.657522218040828,-0.44177481057062,0.160733603442428,-0.21824352081211,0.90287978537717,0.525629803262012,-0.226805870481526,-1.37566594486897,0.536932085444059,1.15905730551444,-0.156130222154718,-0.574231772072467,-0.585644512713864,0.65508263568597,1.09853473921336,0
0.239841061675198,0.11584736316469,-0.371360181002792,-1.06909644644408,0.706413660343205,0.079485579060861,-0.0892998723498694,-1.37566594486897,0.536932085444059,0.0510214202328321,1.53308979874943,-0.0437879440093869,-0.917033602834879,1.32573671314796,0.243862305533373,1
0.868611987647943,0.584723263463253,-0.0385337930655149,1.4846563280294,2.26848411732154,-0.166370696496257,0.0482061257817877,-1.37566594486897,0.536932085444059,-0.647802388128643,0.0498133990108189,0.149100720740823,-1.08272814789539,0.513635593893984,-0.638843116990474,1
-1.73345163768869,0.950528570294054,-1.70249382799734,-1.538318732419,-1.29819301205874,0.0490599717702685,0.0482061257817877,-0.365683352433522,0.800847856255545,-0.191460390815135,-1.05896089598381,-0.188454442572045,-0.917033602834879,1.97761247644102,0.55939578324401,0
0.30326714053376,1.19185744205499,-0.162924103270879,0.0775872859353489,-0.530302369171006,0.622577336717945,0.0482061257817877,-0.365683352433522,0.800847856255545,-0.0334857775165658,0.507584730345672,0.534878050241245,-1.2484226929559,0.0438293479420372,-0.34716654259129,1
1.27111894926729,1.32557064439154,2.160021567533,1.35701152867876,0.395083354552073,1.05144889642969,0.185712123913445,-0.365683352433522,0.800847856255545,0.827411216193441,1.18096751969401,1.11354404449188,-1.57981178307691,0.861727923303946,0.69289071612159,1
-0.467883428376238,1.38128447869843,-0.694944855978083,1.24611635998816,-0.202496412328686,0.701229893090982,0.323218122045102,0.532078951953538,0.273016314632572,0.435200147630566,0.205228228863265,0.872433213554113,-1.2484226929559,2.27768227224259,0.365820639273381,0
-2.17528029359404,1.38260401687939,-0.00909518002290831,1.26684221019605,1.02458172595717,0.392701741925526,0.460724120176759,0.532078951953538,0.273016314632572,-2.47306770255688,-2.21838882063852,0.293767219303482,-0.917033602834879,-0.794543951051356,-1.40970263504546,0
-0.85950626790306,1.35577340720002,0.407267537815839,0.534394576568103,0.503920023829414,-0.0886764629567597,0.460724120176759,0.532078951953538,0.273016314632572,0.108659097663675,-1.08993150371645,0.149100720740823,-0.751339057774372,-1.23182968734964,0.0982314696669241,0
1.09354762455213,1.31604064641799,0.454328902596345,-0.536102364371575,0.28323049891834,-0.426594196727902,0.460724120176759,0.756519528050303,0.00910054382108575,1.53983523757165,1.68215129596361,0.390211551678587,-0.917033602834879,-1.4356814508018,0.0961818504954704,1
-0.623963421412729,1.28818372926453,-0.982156125070734,-0.179671518604224,-1.30658440893128,-0.538262422103801,0.460724120176759,0.756519528050303,0.00910054382108575,-0.216363420655002,-1.27929276976496,0.149100720740823,-0.419949967653356,1.46082560589388,0.0941861686706321,0
0.987678328393275,1.28202588442009,0.567631497979509,-0.686664595392614,0.961558575548749,-0.68269035744276,0.460724120176759,0.756519528050303,0.00910054382108575,2.38156784042077,1.84815311466493,0.583100216428798,-0.751339057774372,-0.412598655633525,-0.35095455005102,1
0.365902715246902,1.30269864925501,-0.572283720822007,0.160020767187484,1.09525476672808,-0.421251051772063,0.460724120176759,0.532078951953538,0.00910054382108575,0.274284603658611,0.636588302829721,0.583100216428798,-0.585644512713864,0.398521777967529,1.00621276262092,1
-0.53641888682505,1.31252187793545,0.944437763729279,-0.690976470084723,0.239913279141116,-0.439907113928963,0.598230118308416,0.532078951953538,0.00910054382108575,-0.417343199360992,-0.42074746025181,0.100878554553271,-0.254255422592849,0.799635778057846,0.22195848062663,0
0.840976658045099,1.29082280562644,-0.685426423099466,0.891738300867693,0.417618490451469,-0.794029492624631,0.598230118308416,0.532078951953538,0.00910054382108575,1.60626254753995,1.1925704379694,0.486655884053692,-0.585644512713864,0.398984420267564,0.621616365234571,1
-0.0416029534444308,1.20813174628674,-1.84893428888354,-2.35507607845682,0.35864249449186,-0.858966910448348,0.598230118308416,0.419858663905155,0.00910054382108575,-0.668937534773443,0.546382901142252,0.486655884053692,-0.585644512713864,0.56071486076262,0.0723233621625927,1
0.343844985250032,1.04656162679673,0.627294858497691,-0.239117173008939,-1.22694395607489,0.171976682805979,0.598230118308416,0.419858663905155,0.00910054382108575,0.681737859758769,0.571493435018526,0.197322886928377,-0.585644512713864,0.285552239004411,-0.181883150431752,1
-0.0590022716008999,0.811243984526815,1.41097966691189,2.93134021965887,0.983375627937522,0.520001751517822,0.598230118308416,0.419858663905155,0.00910054382108575,0.475807108931977,0.0411113167865795,0.100878554553271,-0.585644512713864,-1.13380642227148,1.73389665677367,1
-0.174345141545154,0.493088667563753,-0.89653335675449,-0.676058870859201,0.149445368849702,-0.0821144654304413,0.598230118308416,0.980960104147068,1.85651093950149,1.55252102236826,0.877481966115218,-0.0437879440093869,-0.419949967653356,0.498570228496023,0.717594544535827,0
-0.725365873810087,0.128016437500152,0.353633415493842,1.04184228291507,1.234917737954,-0.441252422453631,0.598230118308416,0.980960104147068,1.85651093950149,-0.498860858369966,-0.647960111791409,-0.28489877494715,-0.254255422592849,-0.240221824371673,-0.986203401047683,0
-0.65620444111821,-0.233859577858481,0.206493793462511,-0.380000541263635,-0.0714728033455294,-0.415985608667591,0.598230118308416,0.980960104147068,1.85651093950149,0.077856025577169,-0.481508052667235,-0.477787439697361,-0.08856087753234,-0.478891106137904,-0.618627908863798,0
-1.1469123412307,-0.551545725690535,0.693406549167993,-0.125567146480069,-0.522771189614654,-0.741228799271462,0.598230118308416,1.20540068024383,1.32867939787852,0.566460274937027,-0.726440857147146,-0.718898270635125,0.242828212588676,-4.05052453245024e-05,0.0630036401575631,0
-0.860373521769308,-0.810981593601207,0.539637640991549,1.23084675250913,1.23976589255199,-0.798595619066789,0.598230118308416,1.20540068024383,1.32867939787852,-0.68292154003438,-1.29157300884159,-1.2493420986982,0.408522757649183,0.119954954455601,-1.34548224053489,0
-1.87235716340745,-1.03281062335473,-0.266725330502821,-0.758197889919293,2.45580061754708,-0.301591724230958,0.598230118308416,1.20540068024383,1.32867939787852,-2.41692777482054,-1.72825405373474,-1.73156376057373,1.07130093789122,-0.122876094169943,-0.0554899681921061,0
1.82290881483155,-1.19885251112461,0.207534138071028,-0.256117536930409,-2.28578846845273,-0.12250266891899,0.598230118308416,1.09318039219545,-0.782646768613373,2.11036918573142,2.32394755830515,-1.39400859726086,0.574217302709691,-1.72494364802576,-0.0554899681921061,1
-1.19209849764308,-1.28761344609671,0.350181855494842,-0.806218478403704,0.932959519179534,-0.470386046019514,0.460724120176759,1.09318039219545,-0.782646768613373,-1.31930049894909,0.0391181233485777,-1.49045292963597,0.905606392830707,-1.10310409378839,1.3995013157294,0
-0.498174143972964,-1.30964973371861,-0.939962630581641,1.1446678677504,-0.310481589826909,-0.590575574428778,0.323218122045102,1.09318039219545,-0.782646768613373,0.380634107876931,0.212467621935758,-1.34578643107331,0.905606392830707,-0.122876094169943,0.179054081324763,0
1.25680696642958,-1.26726323503934,-0.670499530661448,-3.11496334216215,-1.65423348577904,-0.374393788265695,0.323218122045102,0.64429924000192,-1.04656253942486,1.34227138852922,0.724390895732781,-1.10467560013555,0.574217302709691,0.18601928386108,0.0594129247530276,1
0.132334665954438,-1.15290325935676,-0.872377097611856,0.227707633576155,1.90752581602984,0.247726846495563,0.323218122045102,0.64429924000192,-1.04656253942486,0.475872730350283,0.497782817323729,-1.1528977663231,0.574217302709691,-0.122876094169943,0.172017759839257,1
0.130456190625257,-0.967904006387174,1.94218148218488,1.07314027567968,0.420678849722006,0.876458232885957,0.323218122045102,0.64429924000192,-1.04656253942486,-1.08776152297903,0.363163999696961,-0.960009101572888,0.574217302709691,0.252211150582015,0.390603616183117,1
0.287927895167517,-0.698293032947843,-1.30036384889437,0.0891915186320207,-1.55859943732061,0.374559121413939,0.323218122045102,-0.926784792675435,-1.57439408104783,0.137488177178467,-0.154871399562105,-0.718898270635125,0.408522757649183,0.0944158269277429,-0.377434866349696,1
-2.03122783790209,-0.389814329311755,1.19442630004329,0.726476179403574,-0.128219807335402,-0.408997012741605,0.0482061257817877,-0.926784792675435,-1.57439408104783,-1.97243428752084,-1.77435298056159,-1.10467560013555,0.905606392830707,-0.974425514687901,-0.939015125595459,0
0.0318367959189882,-0.128545769483095,-0.607076411947634,-0.288267130139412,-1.2808116112455,-0.159284592364632,-0.0892998723498694,-0.926784792675435,-1.57439408104783,1.35195051843874,0.862985234988257,-1.10467560013555,0.905606392830707,-0.200099938677699,-1.61212179156459,1
1.03671363511975,0.0413667636175837,0.291042646142593,-0.563368146073396,-0.123819574762149,-0.406789366023324,-0.0892998723498694,-1.37566594486897,0.00910054382108575,0.931135098511101,0.101618345859885,-1.00823126776044,0.739911847770199,-0.667447205069082,0.776855378264102,1
0.200465659141478,0.141651665369992,0.561738583184459,-0.679974247881835,0.522859568897337,-0.664697046371058,-0.0892998723498694,-1.37566594486897,0.00910054382108575,-0.608184099968651,0.00509294215722156,-0.28489877494715,0.574217302709691,-1.76388278995976,0.720104559187541,1
0.344992019485287,0.189888116651486,-1.43162916056917,-0.759166651943748,0.278074424758732,-0.433468525225406,-0.0892998723498694,-1.37566594486897,0.00910054382108575,0.447373686031048,0.528440626272023,-0.236676608759598,0.408522757649183,-0.998079665257845,0.0655247807607475,1
0.695166104342061,0.176252888781646,1.79617794288658,0.267138884656792,1.32337855824469,0.278531821648717,-0.226805870481526,-0.477903640481905,1.32867939787852,-0.234845298333947,-0.818683625234825,-0.0437879440093869,0.408522757649183,1.46840312598988,-0.654194515643063,1
-0.156674915397537,0.111888748621846,0.222206970195657,-0.493313216799407,-0.849664169437116,-0.16798415258643,-0.226805870481526,-0.477903640481905,1.32867939787852,0.143278346193892,-0.29779311466435,-0.140232276384493,0.408522757649183,0.429884055990836,-0.434669514911045,0
0.751014466167712,0.0180549224207479,-2.47935839591881,1.18475555826936,-0.0309270733031353,-0.546280948451843,-0.364311868613183,-0.477903640481905,1.32867939787852,-0.12949042982538,-0.00310567311339057,0.341989385491034,0.0771336675281673,0.664807119809167,0.0752615996420119,1
1.22218344268874,-0.0980204528970739,0.252084368095245,-2.28151966734378,-0.885371822002481,-0.014643357825839,-0.364311868613183,-0.25346306438514,-0.518730997801887,0.0256912048016199,1.34330444926091,0.727766714991455,-0.254255422592849,1.58682390516456,0.849370313750817,1
1.13301025358487,-0.207351521956677,-0.748776444652182,0.516567390387735,-0.0241169501433696,0.838679897463947,-0.364311868613183,-0.25346306438514,-0.518730997801887,-0.326506163787435,0.203246212667768,1.11354404449188,-0.419949967653356,0.227205334265218,-0.0554899681921061,1
-0.804992577961634,-0.296860195231301,-0.00614981378219897,1.40176059172461,-1.13668513488927,1.26858291116346,-0.364311868613183,-0.25346306438514,-0.518730997801887,0.415370352491209,0.812528873632823,1.01709971211677,-0.254255422592849,-1.13924153156235,-0.294971787172488,0
1.10595909616132,-0.365461519105504,0.295482500434108,-0.513823166545744,-0.00593459846413761,1.11007418150404,-0.364311868613183,0.0831977997600077,-0.518730997801887,-0.159489667481207,0.306696100750265,1.30643270924209,-0.585644512713864,-0.347928441021118,-0.177805951004667,1
-1.44292693526891,-0.417055461980759,0.869217491577663,0.983559355484,-1.75265683732644,0.539116406954367,-0.501817866744841,0.0831977997600077,-0.518730997801887,-1.96943351369808,0.324791569080872,1.01709971211677,-0.254255422592849,-1.11945826270799,0.315446544902507,0
-0.760518896004969,-0.440367303177595,-1.09883371345875,-0.318915727085157,-0.98957225688449,0.472964707257309,-0.501817866744841,0.0831977997600077,-0.518730997801887,-1.10149156549258,-0.513164257905684,0.775988881179008,-0.08856087753234,-0.885150172214245,0.0642509412980855,0
1.28512784422353,-0.400898450031756,2.25489370372458,-0.146957570202506,-3.05613705111408,0.43096914194144,-0.501817866744841,-0.0290224882883749,-0.2548152269904,-0.729766515224145,0.870119745573691,1.16176621067943,-0.419949967653356,0.973030986148821,1.01095250695491,1
0.344426748785877,-0.286391858995752,-0.209139512601235,0.639258695761745,1.96186793346474,0.0995768401195017,-0.639323864876498,-0.0290224882883749,-0.2548152269904,-0.284230457301527,-1.31632544339969,0.63132238261635,-0.419949967653356,0.704087910007602,0.16118405850443,1
0.342545749466601,-0.122080032396437,-0.327839832161662,-0.585336315179271,0.761962049972394,0.574345816938361,-0.639323864876498,-0.0290224882883749,-0.2548152269904,1.14645982171029,0.403022856664564,0.920655379741667,-0.08856087753234,-0.3528565946018,-0.161801990636669,1
0.961590498959911,0.0331563038249868,0.403620090804168,-0.125741065286053,-0.959638933572575,0.672230343307851,-0.639323864876498,-0.25346306438514,1.06476362706703,0.550089284701723,0.556124427650248,0.968877545929218,-0.254255422592849,-0.201252533371845,-0.592064798454756,1
-0.610917276395154,0.12303151548322,-0.278697575218801,-0.609192959779012,-0.178743254709502,0.49534284045131,-0.639323864876498,-0.25346306438514,1.06476362706703,-1.20663094020625,0.744395544037727,0.824211047366562,-0.08856087753234,0.114021113041819,-0.843883085132474,0
0.0677931098049992,0.113061671449357,-0.852303274788995,1.95193939231442,-1.46324482490462,0.235547462185047,-0.639323864876498,-0.25346306438514,1.06476362706703,-0.435686369253157,0.634869363863374,0.872433213554113,-0.08856087753234,-0.122876094169943,0.428569027619306,1
-0.896034977050707,-0.00449451893819125,0.702126528270822,-1.85328616096264,-0.844913343791795,0.669704271355532,-0.639323864876498,0.307638375856773,0.536932085444059,-0.588303225814249,-1.53601352772947,0.679544548803903,0.0771336675281673,-0.740666850231992,-0.403716082525826,0
1.00842301241743,-0.207439491168748,-1.01278677453484,0.115194582191191,0.592676273665003,1.72838437841683,-0.639323864876498,0.307638375856773,0.536932085444059,0.594180197913305,0.873065755509942,0.583100216428798,-0.254255422592849,-0.697228437696379,0.662955488749041,1
-0.14113252806755,-0.441921425924043,-0.389119829707825,0.719438052986316,1.14185950356426,2.35873683872596,-0.639323864876498,0.307638375856773,0.536932085444059,0.867364906769446,0.0578510109280893,0.486655884053692,0.0771336675281673,-0.904049529521128,-0.0554899681921061,0
0.370841458727282,-0.64612729019416,0.252644857047597,-1.02671790320637,-0.652515008083511,1.49096560977886,-0.639323864876498,0.532078951953538,0.273016314632572,0.20146608360263,0.0355217886462904,0.63132238261635,-0.08856087753234,0.158439339394024,0.0571376199422323,1
-0.0726290621965985,-0.768272541144375,0.43169296182434,-0.301479654406266,-0.179700018974314,0.865575402997289,-0.639323864876498,0.532078951953538,0.273016314632572,0.0961383441770236,0.0544667417388335,0.583100216428798,-0.08856087753234,-1.40143435454183,-0.0554899681921061,1
-0.561064966039001,-0.769797340820127,-0.541356942753108,-0.188787147834617,-0.731593426725057,0.905299331834927,-0.639323864876498,0.532078951953538,0.273016314632572,0.30590280615157,0.0122903431233682,0.390211551678587,0.0771336675281673,-0.954752755798047,0.279080220089309,0
1.0747146906212,-0.641391614278092,0.791293454043963,0.0370830786833321,0.782731517786627,0.951155612667788,-0.639323864876498,0.64429924000192,0.273016314632572,-0.290814347521718,-0.566758128396731,0.775988881179008,-0.254255422592849,0.215912384960857,-0.272163994888643,1
-0.124996295002509,-0.405810064371987,-0.989330045907282,-0.367241683822075,-0.420599215983773,1.14835224647994,-0.639323864876498,0.64429924000192,0.273016314632572,0.0744472708134394,0.681087652056456,0.63132238261635,-0.08856087753234,-0.451077433327906,-0.82857448092004,0
-1.66425894839998,-0.08887165484246,1.43354494931461,-0.451677491738882,-0.290554581579853,1.06220679392988,-0.639323864876498,0.64429924000192,0.273016314632572,-1.81362543535978,-0.24245018388065,0.149100720740823,0.408522757649183,-1.36510051764955,-0.410970793241111,0
1.08236254706254,0.308646552937242,-0.257507532973125,0.234438376429937,-1.315909746571,1.25750963556065,-0.639323864876498,-0.141242776336758,-1.04656253942486,0.170201263948374,0.372130095978277,0.534878050241245,0.0771336675281673,-0.379033236927378,-1.15633381350516,1
-1.12049437498843,0.722101849635781,-0.581011048973618,-0.630929966708542,-0.750609057581543,1.27072199742465,-0.639323864876498,-0.141242776336758,-1.04656253942486,-1.01355702677457,0.494574504211685,0.0526563883657181,0.242828212588676,-1.04183984381224,-1.13886010167479,0
0.397983451020026,1.08013654273432,-0.308095893376682,1.38118895556069,0.0408172344109696,0.932833211402057,-0.639323864876498,-0.141242776336758,-1.04656253942486,-0.967431810859376,-0.166100071750721,0.245545053115929,0.408522757649183,-0.698352414885276,-2.59998429485867,1
0.776931824713937,1.31589403106454,-0.361847281193278,-2.06639863720396,0.0975344515140988,0.954192079133996,-0.639323864876498,-0.814564504627053,-1.04656253942486,-1.45813024238528,-1.11877256800494,0.390211551678587,0.242828212588676,-0.427294727591822,-2.17632472102685,1
1.52900682930991,1.38421678576721,-0.522302380619877,0.309293671144948,0.91197410893136,2.39619522534822,-0.776829863008155,-0.814564504627053,-1.04656253942486,0.0384795685903885,1.30755671984141,0.390211551678587,-0.08856087753234,-0.749887607785156,0.655471681905905,1
-0.257755683303448,1.278653731291,0.66441013410575,0.698860380597466,-1.06606651735679,2.17787282935823,-0.776829863008155,-0.814564504627053,-1.04656253942486,-0.577015262264953,-0.670735539971042,0.341989385491034,-0.08856087753234,-1.12310874684183,-0.72463034475494,0
-0.551841376619416,1.03512562922849,0.462966770981692,-1.81741005579264,-0.572311175675592,1.89775156091351,-0.776829863008155,-1.26344565682058,-0.782646768613373,1.28816968812913,-0.0637274493202202,0.968877545929218,-0.08856087753234,-1.2283963944915,1.36643333200392,0
-0.151628028009666,0.723128157109869,-0.76518981030953,0.82675335020894,0.271617744083631,1.34421118959599,-0.914335861139812,-1.26344565682058,-0.782646768613373,-1.13225473859207,0.0889575018909418,0.486655884053692,0.408522757649183,1.7304961740162,0.997786550471613,0
-1.55419078720879,0.409371300749983,0.913781878014777,0.34683192299991,-0.377679721127782,0.909275838346115,-0.914335861139812,-1.26344565682058,-0.782646768613373,0.0613149829517121,-0.723288450685928,0.245545053115929,0.574217302709691,0.227205334265218,0.137313191156506,0
1.0758482219148,0.144877203145657,0.693872945105715,-0.0367704168094363,-0.405304988147294,0.893318011067114,-0.914335861139812,-1.03900508072382,0.536932085444059,-1.42781001946011,-0.0555070427669964,0.43843371786614,0.408522757649183,-1.81681848982395,-1.76179792842733,1
-2.38522770148206,-0.0561471079548193,-1.24517468302475,-0.0735036481967496,-1.74951320595533,1.39902298969045,-0.914335861139812,-1.03900508072382,0.536932085444059,-0.565725859615467,-1.86681049727503,0.341989385491034,1.07130093789122,0.483034070429373,-1.839864305693,0
-1.03575932241768,-0.204565830241323,1.27821884303,0.0429343385761419,0.684338457056309,1.35711122048881,-0.914335861139812,-1.03900508072382,0.536932085444059,-0.553351948427341,-0.541100501251484,0.0526563883657181,1.40269002801223,0.068077412249234,0.473597771415717,0
1.05581360710691,-0.308032285163372,-0.041519649336565,-0.522684088452753,-0.201879537544933,1.17172069738746,-0.914335861139812,-1.03900508072382,-1.31047831023635,0.358627014846151,2.04303785712751,0.390211551678587,0.905606392830707,-0.68550696129788,0.197296396287186,1
-0.457049219243254,-0.373437394332607,-0.433052225834421,-0.831038683686473,0.296416098110601,0.67575435080225,-0.914335861139812,-1.03900508072382,-1.31047831023635,0.358107557524649,-0.0763729967880812,0.43843371786614,0.739911847770199,-1.50999118796964,-0.797362994381334,0
0.571198137898373,-0.362734473531545,-1.06065004498667,0.227327390437007,-1.73833211336068,0.333349716006029,-0.914335861139812,-1.03900508072382,-1.31047831023635,0.460175611481652,-0.591688644963997,0.43843371786614,0.739911847770199,-1.4927599445684,-1.64275318701557,1
-1.54655213238454,-0.271744985187174,-1.08186691117892,-2.19690873836337,-0.025266123043464,0.44832255541364,-0.914335861139812,-0.814564504627053,-0.2548152269904,-0.8017166932291,-1.58986194251703,0.100878554553271,1.23699548295172,0.139684977156426,-1.5927043467824,0
-0.755275053507259,-0.118092094782896,0.207302015703646,0.850399224298747,0.795255609338543,1.94623599260147,-0.914335861139812,-0.814564504627053,-0.2548152269904,0.15822796796199,-0.0782711185084027,-0.236676608759598,0.905606392830707,1.15790961961723,-0.766451618290117,0
1.00733771828213,0.0566147603752666,-0.149914855695491,1.19946700038739,2.00867267884519,1.41846673532103,-0.914335861139812,-0.814564504627053,-0.2548152269904,2.0530203556837,1.6799395226601,-0.140232276384493,0.739911847770199,2.16026365649415,2.97794640555941,1
0.791194707460483,0.208508266538278,-0.474260396285864,-0.626182749855575,-0.157915469423125,1.13940434504691,-0.914335861139812,-1.26344565682058,-1.83830985185932,-0.00904687279994207,-0.0279510617575802,0.293767219303482,0.242828212588676,0.627298395333972,0.842566852984329,1
0.550349422232873,0.32594716464308,0.313149438878728,0.480924981235954,0.507550016305668,0.622822630797753,-1.05184185927147,-1.26344565682058,-1.83830985185932,-1.53255181652933,-0.139789390560223,1.01709971211677,0.408522757649183,-0.998079665257845,1.60920072472031,1
-0.812985465162518,0.412156992465316,0.900570604517312,-0.299159776490656,-1.14361969411646,0.591577345153514,-1.05184185927147,-1.26344565682058,-1.83830985185932,0.719316234025698,0.0502393114932858,0.534878050241245,0.574217302709691,-0.886690119846658,0.428569027619306,0
1.57805940956168,0.479453439693913,-0.805203975808052,0.280536223307439,1.59337041360809,0.45837047129153,-1.05184185927147,-1.60010652096573,0.00910054382108575,0.365193252314532,0.569196420119522,1.16176621067943,0.0771336675281673,1.11270541795415,-0.984092939748691,1
-0.70807352929272,0.493968359684397,0.744332041044303,0.134699372834966,0.0840008216573865,0.491029625917527,-1.18934785740313,-1.60010652096573,0.00910054382108575,-0.0318140651893492,-0.202539572027729,0.872433213554113,0.242828212588676,0.429884055990836,-0.0554899681921061,0
-0.0773188016089112,0.45584836779021,-0.207984656562145,-0.0781666081523028,-0.417369057263114,0.593736237768976,-1.18934785740313,-1.60010652096573,0.00910054382108575,0.436424718399904,-0.290224639785691,0.775988881179008,0.242828212588676,-0.647998236822685,-0.0554899681921061,1
-0.668601457194076,0.407611916508696,-0.265166916041157,0.230764978081691,0.0535651577466896,0.393184712256578,-1.18934785740313,-1.26344565682058,-0.2548152269904,-0.064857583015537,-0.394571557926807,0.534878050241245,0.574217302709691,0.0613772892169838,1.20844185420436,0
0.522397620472302,0.391630842983834,0.336888479306598,1.4983496241291,-0.950005060782604,0.157786191754172,-1.18934785740313,-1.26344565682058,-0.2548152269904,-0.519725705748141,1.26012042867032,0.968877545929218,0.408522757649183,2.41219631863639,-0.965520880317559,1
1.00648052933938,0.404386378733051,-0.687158376131652,2.05660739069911,-1.4982387214656,0.173911611261615,-1.18934785740313,-1.26344565682058,-0.2548152269904,-0.905223372866088,0.713731707705127,1.35465487542964,0.0771336675281673,0.898194738765943,1.42825608418635,1
-0.30295587373267,0.441773293860038,-0.0567919427259737,-2.65087693490926,-0.621116812926893,0.585182939855636,-1.18934785740313,-1.03900508072382,-0.2548152269904,1.29636911093753,-0.040460265337386,1.16176621067943,0.242828212588676,0.143008535021317,0.163267462607281,0
0.338055607662358,0.500126204528839,-1.32440226409138,0.0290942404850894,0.52925087018286,1.36886400639965,-1.18934785740313,-1.03900508072382,-0.2548152269904,0.452106145685339,1.0821357856628,1.74043220493006,-0.08856087753234,0.914402212304606,-0.0554899681921061,1
0.619532407353083,0.548802501870665,2.00680494343376,1.35276209170638,0.72816543435246,1.7049565084465,-1.18934785740313,-1.03900508072382,-0.2548152269904,-0.164035156547673,-0.346215393647308,1.78865437111762,-0.254255422592849,-0.358886045923985,-0.699379764507285,1
0.175232362293022,0.586922493764852,-1.40752938305764,-1.93782864430675,-0.310453964566185,1.52538295923777,-1.18934785740313,-0.365683352433522,0.00910054382108575,-0.628989232601986,0.19230161486624,1.98154303586783,-0.419949967653356,-2.17507757120364,0.172017759839257,1
-0.984307975565657,0.582524033161676,3.66611424129138,1.58884858936954,0.231318699956914,0.643888973912777,-1.18934785740313,-0.365683352433522,0.00910054382108575,-0.0965371989397354,-0.074372684974691,1.11354404449188,-0.08856087753234,-1.32315527737621,-0.501583552567328,0
-0.105906269356299,0.536633427535203,-1.58970991883613,-0.397316946932597,-0.17647580029049,0.301452344236583,-1.18934785740313,-0.365683352433522,0.00910054382108575,0.920099201298707,0.265713332978154,1.16176621067943,-0.08856087753234,-0.800453052431545,-0.984092939748691,0
-0.0966289199589807,0.439720678911884,3.64970724187613,-0.379189878418728,-0.471130468390224,0.354647641109444,-1.18934785740313,-0.590123928530288,-0.518730997801887,1.08661671898905,0.586478824630821,1.20998837686698,-0.08856087753234,1.32573671314796,0.45008276076648,0
-0.119845407111652,0.359815311287534,-1.69489255747589,-0.112984607068678,0.218896831602246,0.372941094626628,-1.18934785740313,-0.590123928530288,-0.518730997801887,-0.317828722675521,-0.174197678773991,0.245545053115929,0.242828212588676,1.3092752039739,0.186539529713599,0
-0.245370920413384,0.289733172343583,-0.250939955103186,-0.0864349662127775,0.467890845306244,0.421859742542819,-1.18934785740313,-0.590123928530288,-0.518730997801887,-0.213608669541799,0.378981385916433,0.245545053115929,0.242828212588676,-0.823038951040264,0.418484465206568,0
0.969239447853686,0.216572110977431,-1.05283981218538,-0.485540021090552,-0.434988280893927,0.131533630951759,-1.18934785740313,-0.70234421657867,-0.518730997801887,-0.602523973903857,0.969250987960201,0.43843371786614,-0.08856087753234,-1.62322507317777,0.399525487870621,1
0.182233397678676,0.111595517914958,0.506778999775955,-0.0349317610936753,-0.342223845764202,-0.184310682768001,-1.18934785740313,-0.70234421657867,-0.518730997801887,-0.327070097482985,0.823352459319549,0.486655884053692,-0.08856087753234,0.402246048482798,1.03829718580483,1
0.330713693988691,-0.0480686019803387,-0.733648594913148,1.07271012013612,-0.028648425652902,-0.291194911804769,-1.18934785740313,-0.70234421657867,-0.518730997801887,0.802686119513462,0.359950543035183,0.583100216428798,-0.254255422592849,1.21076744272591,0.144078214291547,1
-0.210240702728062,-0.224021687642713,0.192334889958033,-1.02804051221743,0.0725725790692892,0.22923228230425,-1.18934785740313,-0.590123928530288,0.00910054382108575,0.991514570921258,1.31763562823235,0.486655884053692,-0.254255422592849,0.616732557453634,1.12127414231495,0
-0.188772663674993,-0.38613428394043,-0.921462753286293,-0.159773316656292,0.566584319476672,1.12675874962819,-1.18934785740313,-0.590123928530288,0.00910054382108575,-0.989319255584569,-1.27252047109186,0.583100216428798,-0.08856087753234,0.0153139433702508,-0.410970793241111,0
-1.22675848237335,-0.490832307831363,0.484532491421688,1.19507130318984,-0.488917698726186,1.26655504519932,-1.18934785740313,-0.590123928530288,0.00910054382108575,-0.464124231366055,-1.12081361285799,0.245545053115929,0.242828212588676,-1.07764362626584,0.127984006026735,0
0.941212961692248,-0.525858715768001,-0.287468126153618,-0.91033474705662,-0.0950875449519163,0.967063162278258,-1.18934785740313,-0.590123928530288,0.00910054382108575,-0.353323643141042,-0.0897646237018087,0.534878050241245,-0.08856087753234,-0.873050583673859,0.486195098549236,1
0.0367678593394675,-0.493837922576862,1.41249579294778,0.892704964551874,-0.263530960589658,0.527640910003302,-1.18934785740313,-0.590123928530288,0.00910054382108575,-0.024125822028244,0.109101216352509,0.534878050241245,-0.08856087753234,0.200275993616358,0.633927389478691,1
0.716579244174907,-0.438006795987224,-0.382623735195493,0.50154767385223,-0.340933958343471,0.0757056125266624,-1.18934785740313,-0.590123928530288,0.00910054382108575,-0.650630051284946,-0.313227642413005,0.872433213554113,-0.254255422592849,-0.43638185097755,-0.543006528259313,1
0.272482648522636,-0.420559568927964,-0.305364932725481,-0.322343822482718,-0.953601907213289,-0.0864551041470603,-1.18934785740313,-0.365683352433522,-0.518730997801887,0.151933803039489,1.0657209019125,0.920655379741667,-0.419949967653356,-0.284452138063094,0.453855691579602,1
0.0772068822968143,-0.463283282920144,0.688210880781305,0.165285948481957,-0.645583760141759,-0.0910029478006614,-1.18934785740313,-0.365683352433522,-0.518730997801887,-0.654608641727385,0.404945485460849,0.968877545929218,-0.419949967653356,0.533526584145983,-0.380501008236911,1
-0.562729970822721,-0.550534079751816,-0.899957429238686,-0.355139289395255,-0.349707308628453,0.0723354851692866,-1.18934785740313,-0.365683352433522,-0.518730997801887,-0.150158152878717,0.334899026463689,0.872433213554113,-0.254255422592849,-0.122876094169943,0.279080220089309,0
-1.70940866121446,-0.648341182031107,1.85948272561646,0.331506503631661,-0.53227695608787,-0.543230769894218,-1.18934785740313,-0.590123928530288,-0.782646768613373,-0.53991706354735,-1.47768919557036,0.341989385491034,0.242828212588676,0.340466972876593,0.107015551830296,0
-0.834667610004954,-0.70640086199302,-0.20706846961362,-0.17014784984574,0.423226558217165,-0.772312586950113,-1.18934785740313,-0.590123928530288,-0.782646768613373,0.923529020602906,0.278082643398618,0.245545053115929,0.408522757649183,0.320889096804203,-2.29852390652949,0
-0.19042155283523,-0.677972144961158,-2.38225342920905,0.513408799576848,-0.104362235183822,-0.775047387405126,-1.18934785740313,-0.590123928530288,-0.782646768613373,-1.0023093588463,-2.40999770348105,-0.0437879440093869,0.739911847770199,-0.974425514687901,-1.65203542806132,0
0.938367525874546,-0.555299078738582,1.30636177301758,-1.05348491004798,0.844048161205968,-0.682079407591807,-1.18934785740313,-0.70234421657867,-0.518730997801887,0.842640608729385,1.70605733748115,0.390211551678587,0.242828212588676,0.803810039923128,0.640962260475334,1
1.28487041057264,-0.358761197453331,-1.38461051344979,-0.37730404805187,0.48215948396387,0.284418879564133,-1.18934785740313,-0.70234421657867,-0.518730997801887,-0.477947254784835,0.793913553343499,0.43843371786614,0.0771336675281673,0.728673326348015,-0.493004829790882,1
-0.0403152534899493,-0.132225814854421,0.262142355149877,0.737473360337242,-0.104911473290929,0.162544287476182,-1.18934785740313,-0.70234421657867,-0.518730997801887,-0.235915424675381,-0.145764304079692,0.583100216428798,-0.08856087753234,0.664807119809167,1.7645718560588,1
0.526865719451707,0.112621825389025,0.359894444923052,-0.197838946810081,-0.661606793118156,0.260564411194138,-1.18934785740313,-1.26344565682058,-1.31047831023635,-0.193822826900639,0.507067330339653,0.679544548803903,-0.08856087753234,0.731973905497308,1.12127414231495,1
0.210394918628114,0.335623777970055,0.83685616383153,1.00911634762706,-0.241124178015627,0.0513346553799257,-1.18934785740313,-1.26344565682058,-1.31047831023635,-0.497474343070133,-1.8973077447764,0.679544548803903,-0.419949967653356,0.215912384960857,-0.588711205765614,1
0.829862630247497,0.480919593228312,-1.5186473608112,0.244220334848027,0.0181174744599543,-0.232980989472958,-1.32685385553478,-1.26344565682058,-1.31047831023635,0.396346838474877,1.71159144840064,1.11354404449188,-0.419949967653356,0.752327476917957,-1.17438043392012,1
