date, value
3/08/2009,0.8416
4/08/2009,0.8452
5/08/2009,0.8402
6/08/2009,0.8394
7/08/2009,0.837
10/08/2009,0.8366
11/08/2009,0.8294
12/08/2009,0.8318
13/08/2009,0.8426
14/08/2009,0.8325
17/08/2009,0.8212
18/08/2009,0.8258
19/08/2009,0.8291
20/08/2009,0.831
21/08/2009,0.8347
24/08/2009,0.838
25/08/2009,0.8342
26/08/2009,0.827
27/08/2009,0.8397
28/08/2009,0.8419
31/08/2009,0.8446
1/09/2009,0.8262
2/09/2009,0.8334
3/09/2009,0.8397
4/09/2009,0.8505
8/09/2009,0.8613
9/09/2009,0.8628
10/09/2009,0.8631
11/09/2009,0.8634
14/09/2009,0.8611
15/09/2009,0.8632
16/09/2009,0.8739
17/09/2009,0.872
18/09/2009,0.8686
21/09/2009,0.8617
22/09/2009,0.8737
23/09/2009,0.8695
24/09/2009,0.865
25/09/2009,0.8642
28/09/2009,0.873
29/09/2009,0.8705
30/09/2009,0.8834
1/10/2009,0.8702
2/10/2009,0.8651
5/10/2009,0.8773
6/10/2009,0.8905
7/10/2009,0.8909
8/10/2009,0.9062
9/10/2009,0.9038
12/10/2009,0.9066
13/10/2009,0.9086
14/10/2009,0.9152
15/10/2009,0.9209
16/10/2009,0.9163
19/10/2009,0.9287
20/10/2009,0.9237
21/10/2009,0.9269
22/10/2009,0.9264
23/10/2009,0.9222
26/10/2009,0.9163
27/10/2009,0.9159
28/10/2009,0.8978
29/10/2009,0.9156
30/10/2009,0.8991
2/11/2009,0.9028
3/11/2009,0.9027
4/11/2009,0.9114
5/11/2009,0.9104
6/11/2009,0.9169
9/11/2009,0.9297
10/11/2009,0.9306
11/11/2009,0.9302
12/11/2009,0.9226
13/11/2009,0.9334
16/11/2009,0.9366
17/11/2009,0.9304
18/11/2009,0.9294
19/11/2009,0.9197
20/11/2009,0.9146
23/11/2009,0.9238
24/11/2009,0.9187
25/11/2009,0.9315
27/11/2009,0.9065
30/11/2009,0.9149
1/12/2009,0.9245
2/12/2009,0.9251
3/12/2009,0.9247
4/12/2009,0.9155
7/12/2009,0.9122
8/12/2009,0.9046
9/12/2009,0.9088
10/12/2009,0.917
11/12/2009,0.9115
14/12/2009,0.9169
15/12/2009,0.9063
16/12/2009,0.9005
17/12/2009,0.8866
18/12/2009,0.8905
21/12/2009,0.8816
22/12/2009,0.8759
23/12/2009,0.879
24/12/2009,0.8825
28/12/2009,0.8869
29/12/2009,0.8938
30/12/2009,0.8937
31/12/2009,0.8972
4/01/2010,0.9133
5/01/2010,0.9119
6/01/2010,0.9199
7/01/2010,0.9175
8/01/2010,0.9249
11/01/2010,0.9309
12/01/2010,0.9204
13/01/2010,0.9242
14/01/2010,0.9316
15/01/2010,0.9234
19/01/2010,0.9244
20/01/2010,0.9085
21/01/2010,0.9009
22/01/2010,0.9006
25/01/2010,0.9043
26/01/2010,0.8983
27/01/2010,0.8948
28/01/2010,0.894
29/01/2010,0.8844
1/02/2010,0.8916
2/02/2010,0.8863
3/02/2010,0.8824
4/02/2010,0.8642
5/02/2010,0.868
8/02/2010,0.865
9/02/2010,0.8779
10/02/2010,0.8752
11/02/2010,0.8914
12/02/2010,0.8877
16/02/2010,0.9014
17/02/2010,0.8994
18/02/2010,0.9019
19/02/2010,0.8986
22/02/2010,0.8998
23/02/2010,0.8904
24/02/2010,0.8931
25/02/2010,0.888
26/02/2010,0.8948
1/03/2010,0.9009
2/03/2010,0.9036
3/03/2010,0.9055
4/03/2010,0.9
5/03/2010,0.9073
8/03/2010,0.9089
9/03/2010,0.9137
10/03/2010,0.9137
11/03/2010,0.9152
12/03/2010,0.9152
15/03/2010,0.9144
16/03/2010,0.9194
17/03/2010,0.9229
18/03/2010,0.9207
19/03/2010,0.9153
22/03/2010,0.9173
23/03/2010,0.9185
24/03/2010,0.9068
25/03/2010,0.907
26/03/2010,0.9039
29/03/2010,0.9172
30/03/2010,0.9181
31/03/2010,0.9167
1/04/2010,0.9206
5/04/2010,0.9216
6/04/2010,0.9279
7/04/2010,0.9269
8/04/2010,0.929
9/04/2010,0.933
12/04/2010,0.9259
13/04/2010,0.9283
14/04/2010,0.9349
15/04/2010,0.935
16/04/2010,0.9243
19/04/2010,0.9248
20/04/2010,0.9317
21/04/2010,0.9259
22/04/2010,0.9271
23/04/2010,0.9276
26/04/2010,0.9272
27/04/2010,0.9145
28/04/2010,0.9252
29/04/2010,0.9274
30/04/2010,0.9244
3/05/2010,0.9268
4/05/2010,0.9074
5/05/2010,0.9047
6/05/2010,0.8859
7/05/2010,0.888
10/05/2010,0.9022
11/05/2010,0.8945
12/05/2010,0.894
13/05/2010,0.894
14/05/2010,0.8857
17/05/2010,0.8774
18/05/2010,0.861
19/05/2010,0.8482
20/05/2010,0.8158
21/05/2010,0.8324
24/05/2010,0.8223
25/05/2010,0.8295
26/05/2010,0.8201
27/05/2010,0.8497
28/05/2010,0.8473
1/06/2010,0.8288
2/06/2010,0.8412
3/06/2010,0.8431
4/06/2010,0.8232
7/06/2010,0.8084
8/06/2010,0.8272
9/06/2010,0.8276
10/06/2010,0.8482
11/06/2010,0.8502
14/06/2010,0.8572
15/06/2010,0.8656
16/06/2010,0.8624
17/06/2010,0.8676
18/06/2010,0.872
21/06/2010,0.8762
22/06/2010,0.872
23/06/2010,0.8735
24/06/2010,0.8665
25/06/2010,0.8748
28/06/2010,0.872
29/06/2010,0.8473
30/06/2010,0.8401
1/07/2010,0.8432
2/07/2010,0.8415
6/07/2010,0.8532
7/07/2010,0.8637
8/07/2010,0.8768
9/07/2010,0.8773
12/07/2010,0.8767
13/07/2010,0.8829
14/07/2010,0.884
15/07/2010,0.8833
16/07/2010,0.8688
19/07/2010,0.8677
20/07/2010,0.8826
21/07/2010,0.8767
22/07/2010,0.8931
23/07/2010,0.8955
26/07/2010,0.9026
27/07/2010,0.9012
28/07/2010,0.891
29/07/2010,0.9002
30/07/2010,0.904
2/08/2010,0.9128
3/08/2010,0.9123
4/08/2010,0.9171
5/08/2010,0.915
6/08/2010,0.918
9/08/2010,0.9163
10/08/2010,0.9132
11/08/2010,0.8952
12/08/2010,0.8956
13/08/2010,0.8928
16/08/2010,0.8983
17/08/2010,0.905
18/08/2010,0.8985
19/08/2010,0.8911
20/08/2010,0.8939
23/08/2010,0.8909
24/08/2010,0.8821
25/08/2010,0.8849
26/08/2010,0.8859
27/08/2010,0.8988
30/08/2010,0.8918
31/08/2010,0.8902
1/09/2010,0.9108
2/09/2010,0.911
3/09/2010,0.9165
7/09/2010,0.9099
8/09/2010,0.9184
9/09/2010,0.9227
10/09/2010,0.9264
13/09/2010,0.9354
14/09/2010,0.9387
15/09/2010,0.9379
16/09/2010,0.9364
17/09/2010,0.936
20/09/2010,0.9469
21/09/2010,0.9537
22/09/2010,0.9563
23/09/2010,0.9487
24/09/2010,0.9588
27/09/2010,0.9611
28/09/2010,0.9674
29/09/2010,0.9685
30/09/2010,0.9662
1/10/2010,0.9716
4/10/2010,0.9677
5/10/2010,0.9713
6/10/2010,0.9771
7/10/2010,0.9822
8/10/2010,0.9848
11/10/2010,0.9831
12/10/2010,0.9857
13/10/2010,0.99
14/10/2010,0.9941
15/10/2010,0.9905
18/10/2010,0.9892
19/10/2010,0.9691
20/10/2010,0.9875
21/10/2010,0.9779
22/10/2010,0.9825
25/10/2010,0.9915
26/10/2010,0.985
27/10/2010,0.9723
28/10/2010,0.978
29/10/2010,0.9834
1/11/2010,0.9871
2/11/2010,0.9994
3/11/2010,1.0053
4/11/2010,1.0146
5/11/2010,1.016
8/11/2010,1.0127
9/11/2010,1.0031
10/11/2010,1.0058
11/11/2010,0.9978
12/11/2010,0.9858
15/11/2010,0.9843
16/11/2010,0.9773
17/11/2010,0.9785
18/11/2010,0.9894
19/11/2010,0.9858
22/11/2010,0.9883
23/11/2010,0.9726
24/11/2010,0.9817
26/11/2010,0.9641
29/11/2010,0.9632
30/11/2010,0.9586
1/12/2010,0.9684
2/12/2010,0.9755
3/12/2010,0.9932
6/12/2010,0.9898
7/12/2010,0.9839
8/12/2010,0.9785
9/12/2010,0.9843
10/12/2010,0.9852
13/12/2010,0.9951
14/12/2010,0.9992
15/12/2010,0.9859
16/12/2010,0.9891
17/12/2010,0.9882
20/12/2010,0.9932
21/12/2010,0.997
22/12/2010,1
23/12/2010,1.0046
27/12/2010,1.0034
28/12/2010,1.0089
29/12/2010,1.0173
30/12/2010,1.017
31/12/2010,1.0228
3/01/2011,1.016
4/01/2011,1.0053
5/01/2011,0.9991
6/01/2011,0.9946
7/01/2011,0.9969
10/01/2011,0.9955
11/01/2011,0.9865
12/01/2011,0.9954
13/01/2011,0.997
14/01/2011,0.9891
18/01/2011,0.9978
19/01/2011,1.0002
20/01/2011,0.9868
21/01/2011,0.9896
24/01/2011,0.9976
25/01/2011,0.9969
26/01/2011,0.9982
27/01/2011,0.9914
28/01/2011,0.9933
31/01/2011,0.9964
1/02/2011,1.0117
2/02/2011,1.0081
3/02/2011,1.0153
4/02/2011,1.0128
7/02/2011,1.0132
8/02/2011,1.0143
9/02/2011,1.0114
10/02/2011,1.0037
11/02/2011,1.0025
14/02/2011,1.0029
15/02/2011,0.9959
16/02/2011,1.0028
17/02/2011,1.011
18/02/2011,1.0145
22/02/2011,0.9992
23/02/2011,1.0018
24/02/2011,1.0087
25/02/2011,1.0174
28/02/2011,1.0183
1/03/2011,1.0136
2/03/2011,1.0166
3/03/2011,1.0145
4/03/2011,1.0142
7/03/2011,1.0112
8/03/2011,1.0097
9/03/2011,1.0101
10/03/2011,1.0001
11/03/2011,1.0144
14/03/2011,1.0088
15/03/2011,0.9896
16/03/2011,0.9749
17/03/2011,0.9801
18/03/2011,0.9957
21/03/2011,1.0061
22/03/2011,1.0102
23/03/2011,1.0131
24/03/2011,1.021
25/03/2011,1.0254
28/03/2011,1.0251
29/03/2011,1.0289
30/03/2011,1.0324
31/03/2011,1.0323
1/04/2011,1.0383
4/04/2011,1.0363
5/04/2011,1.0329
6/04/2011,1.0439
7/04/2011,1.0467
8/04/2011,1.0567
11/04/2011,1.0495
12/04/2011,1.0439
13/04/2011,1.0503
14/04/2011,1.0542
15/04/2011,1.0567
18/04/2011,1.0507
19/04/2011,1.0524
20/04/2011,1.0694
21/04/2011,1.0746
25/04/2011,1.0721
26/04/2011,1.0783
27/04/2011,1.0873
28/04/2011,1.0924
29/04/2011,1.0969
2/05/2011,1.094
3/05/2011,1.0846
4/05/2011,1.0746
5/05/2011,1.0577
6/05/2011,1.0703
9/05/2011,1.0801
10/05/2011,1.0833
11/05/2011,1.0696
12/05/2011,1.0672
13/05/2011,1.0568
16/05/2011,1.0562
17/05/2011,1.0623
18/05/2011,1.0624
19/05/2011,1.0665
20/05/2011,1.0659
23/05/2011,1.0507
24/05/2011,1.0556
25/05/2011,1.053
26/05/2011,1.0643
27/05/2011,1.0707
31/05/2011,1.0667
1/06/2011,1.0611
2/06/2011,1.0675
3/06/2011,1.0717
6/06/2011,1.0713
7/06/2011,1.0715
8/06/2011,1.0617
9/06/2011,1.062
10/06/2011,1.0532
13/06/2011,1.0601
14/06/2011,1.0678
15/06/2011,1.0573
16/06/2011,1.0548
17/06/2011,1.0616
20/06/2011,1.0578
21/06/2011,1.0601
22/06/2011,1.0575
23/06/2011,1.0522
24/06/2011,1.0485
27/06/2011,1.044
28/06/2011,1.0541
29/06/2011,1.0678
30/06/2011,1.0719
1/07/2011,1.0768
5/07/2011,1.0686
6/07/2011,1.0696
7/07/2011,1.0774
8/07/2011,1.0753
11/07/2011,1.0654
12/07/2011,1.0592
13/07/2011,1.0752
14/07/2011,1.0719
15/07/2011,1.0648
18/07/2011,1.0604
19/07/2011,1.0725
20/07/2011,1.0739
21/07/2011,1.0841
22/07/2011,1.0851
25/07/2011,1.0842
26/07/2011,1.095
27/07/2011,1.102
28/07/2011,1.0998
29/07/2011,1.1009
1/08/2011,1.0968
2/08/2011,1.0788
3/08/2011,1.0755
4/08/2011,1.0473
5/08/2011,1.0452
8/08/2011,1.0189
9/08/2011,1.0343
10/08/2011,1.0176
11/08/2011,1.0343
12/08/2011,1.0353
15/08/2011,1.05
16/08/2011,1.0483
17/08/2011,1.0549
18/08/2011,1.0386
19/08/2011,1.0406
22/08/2011,1.041
23/08/2011,1.0525
24/08/2011,1.0471
25/08/2011,1.043
26/08/2011,1.0573
29/08/2011,1.0653
30/08/2011,1.0678
31/08/2011,1.0695
1/09/2011,1.0724
2/09/2011,1.0653
6/09/2011,1.0483
7/09/2011,1.0655
8/09/2011,1.0571
9/09/2011,1.0461
12/09/2011,1.0346
13/09/2011,1.0317
14/09/2011,1.0274
15/09/2011,1.0327
16/09/2011,1.0359
19/09/2011,1.022
20/09/2011,1.027
21/09/2011,1.0042
22/09/2011,0.9741
23/09/2011,0.9782
26/09/2011,0.983
27/09/2011,0.9903
28/09/2011,0.9779
29/09/2011,0.9776
30/09/2011,0.9657
3/10/2011,0.9532
4/10/2011,0.9557
5/10/2011,0.9649
6/10/2011,0.974
7/10/2011,0.9768
10/10/2011,0.9992
11/10/2011,0.9957
12/10/2011,1.0157
13/10/2011,1.0196
14/10/2011,1.0341
17/10/2011,1.0158
18/10/2011,1.0257
19/10/2011,1.0226
20/10/2011,1.0239
21/10/2011,1.0365
24/10/2011,1.0468
25/10/2011,1.0426
26/10/2011,1.0402
27/10/2011,1.0718
28/10/2011,1.0705
31/10/2011,1.052
1/11/2011,1.033
2/11/2011,1.0337
3/11/2011,1.0413
4/11/2011,1.0376
7/11/2011,1.0368
8/11/2011,1.0388
9/11/2011,1.0153
10/11/2011,1.0151
11/11/2011,1.0285
14/11/2011,1.0201
15/11/2011,1.0181
16/11/2011,1.0079
17/11/2011,0.9993
18/11/2011,1.0003
21/11/2011,0.9844
22/11/2011,0.9835
23/11/2011,0.9684
25/11/2011,0.97
28/11/2011,0.9897
29/11/2011,1.0023
30/11/2011,1.0274
1/12/2011,1.0225
2/12/2011,1.0214
5/12/2011,1.0263
6/12/2011,1.0239
7/12/2011,1.0285
8/12/2011,1.017
9/12/2011,1.0209
12/12/2011,1.007
13/12/2011,1.0017
14/12/2011,0.9903
15/12/2011,0.9916
16/12/2011,0.9964
19/12/2011,0.9887
20/12/2011,1.0077
21/12/2011,1.0091
22/12/2011,1.0125
23/12/2011,1.0148
27/12/2011,1.0154
28/12/2011,1.009
29/12/2011,1.014
30/12/2011,1.022
3/01/2012,1.0369
4/01/2012,1.0365
5/01/2012,1.0247
6/01/2012,1.0226
9/01/2012,1.0238
10/01/2012,1.0314
11/01/2012,1.0307
12/01/2012,1.0338
13/01/2012,1.0319
17/01/2012,1.0378
18/01/2012,1.0431
19/01/2012,1.0417
20/01/2012,1.0487
23/01/2012,1.0532
24/01/2012,1.0472
25/01/2012,1.0596
26/01/2012,1.0617
27/01/2012,1.0652
30/01/2012,1.0594
31/01/2012,1.0612
1/02/2012,1.0698
2/02/2012,1.0713
3/02/2012,1.0767
6/02/2012,1.0723
7/02/2012,1.0803
8/02/2012,1.0793
9/02/2012,1.0785
10/02/2012,1.0654
13/02/2012,1.0733
14/02/2012,1.0681
15/02/2012,1.0696
16/02/2012,1.0753
17/02/2012,1.0711
21/02/2012,1.0666
22/02/2012,1.0636
23/02/2012,1.0711
24/02/2012,1.0693
27/02/2012,1.0755
28/02/2012,1.0775
29/02/2012,1.0731
1/03/2012,1.0804
2/03/2012,1.073
5/03/2012,1.0665
6/03/2012,1.0548
7/03/2012,1.0588
8/03/2012,1.0644
9/03/2012,1.0571
12/03/2012,1.051
13/03/2012,1.054
14/03/2012,1.0456
15/03/2012,1.0524
16/03/2012,1.0588
19/03/2012,1.0609
20/03/2012,1.0478
21/03/2012,1.0458
22/03/2012,1.0387
23/03/2012,1.0464
26/03/2012,1.0535
27/03/2012,1.0454
28/03/2012,1.0385
29/03/2012,1.0386
30/03/2012,1.035
2/04/2012,1.0421
3/04/2012,1.0332
4/04/2012,1.026
5/04/2012,1.0299
9/04/2012,1.0313
10/04/2012,1.0246
11/04/2012,1.0296
12/04/2012,1.0439
13/04/2012,1.0366
16/04/2012,1.0354
17/04/2012,1.0394
18/04/2012,1.0352
19/04/2012,1.0333
20/04/2012,1.0377
23/04/2012,1.032
24/04/2012,1.0308
25/04/2012,1.0349
26/04/2012,1.0393
27/04/2012,1.0462
30/04/2012,1.043
1/05/2012,1.0331
2/05/2012,1.0334
3/05/2012,1.026
4/05/2012,1.0174
7/05/2012,1.0195
8/05/2012,1.0118
9/05/2012,1.0052
10/05/2012,1.0086
11/05/2012,1.0018
14/05/2012,0.9957
15/05/2012,0.9929
16/05/2012,0.9913
17/05/2012,0.9892
18/05/2012,0.9831
21/05/2012,0.991
22/05/2012,0.9808
23/05/2012,0.9753
24/05/2012,0.976
25/05/2012,0.9754
29/05/2012,0.984
30/05/2012,0.9705
31/05/2012,0.9726
1/06/2012,0.9685
4/06/2012,0.9726
5/06/2012,0.9741
6/06/2012,0.9929
7/06/2012,0.9891
8/06/2012,0.9914
11/06/2012,0.9862
12/06/2012,0.9955
13/06/2012,0.9931
14/06/2012,1.0023
15/06/2012,1.0077
18/06/2012,1.0116
19/06/2012,1.019
20/06/2012,1.0196
21/06/2012,1.0037
22/06/2012,1.0065
25/06/2012,1.0008
26/06/2012,1.0063
27/06/2012,1.0076
28/06/2012,1.004
29/06/2012,1.0247
2/07/2012,1.0247
3/07/2012,1.028
5/07/2012,1.0285
6/07/2012,1.0211
9/07/2012,1.0204
10/07/2012,1.0189
11/07/2012,1.0248
12/07/2012,1.0138
13/07/2012,1.0225
16/07/2012,1.0246
17/07/2012,1.031
18/07/2012,1.0364
19/07/2012,1.0425
20/07/2012,1.0377
23/07/2012,1.0279
24/07/2012,1.0226
25/07/2012,1.0314
26/07/2012,1.039
27/07/2012,1.0474
30/07/2012,1.0498
31/07/2012,1.05
1/08/2012,1.0458
2/08/2012,1.0457
3/08/2012,1.056
6/08/2012,1.0566
7/08/2012,1.0554
8/08/2012,1.0567
9/08/2012,1.0577
10/08/2012,1.0572
13/08/2012,1.052
14/08/2012,1.0489
15/08/2012,1.0502
16/08/2012,1.051
17/08/2012,1.0417
20/08/2012,1.0445
21/08/2012,1.0486
22/08/2012,1.0502
23/08/2012,1.0438
24/08/2012,1.0405
27/08/2012,1.0366
28/08/2012,1.0376
29/08/2012,1.035
30/08/2012,1.0287
31/08/2012,1.0328
4/09/2012,1.0221
5/09/2012,1.0193
6/09/2012,1.0278
7/09/2012,1.0385
10/09/2012,1.0333
11/09/2012,1.0431
12/09/2012,1.0465
13/09/2012,1.0546
14/09/2012,1.0546
17/09/2012,1.0471
18/09/2012,1.0448
19/09/2012,1.0477
20/09/2012,1.0435
21/09/2012,1.0451
24/09/2012,1.0424
25/09/2012,1.0383
26/09/2012,1.0369
27/09/2012,1.0445
28/09/2012,1.0378
1/10/2012,1.0358
2/10/2012,1.0265
3/10/2012,1.0211
4/10/2012,1.0241
5/10/2012,1.0169
8/10/2012,1.019
9/10/2012,1.0196
10/10/2012,1.0236
11/10/2012,1.0262
12/10/2012,1.0232
15/10/2012,1.0254
16/10/2012,1.0277
17/10/2012,1.0376
18/10/2012,1.0364
19/10/2012,1.0324
22/10/2012,1.0319
23/10/2012,1.026
24/10/2012,1.0357
25/10/2012,1.0334
26/10/2012,1.0366
29/10/2012,1.0328
30/10/2012,1.0357
31/10/2012,1.0376
1/11/2012,1.0397
2/11/2012,1.0334
5/11/2012,1.036
6/11/2012,1.043
7/11/2012,1.0407
8/11/2012,1.0402
9/11/2012,1.0382
12/11/2012,1.0424
13/11/2012,1.0434
14/11/2012,1.0368
15/11/2012,1.0328
16/11/2012,1.0341
19/11/2012,1.0409
20/11/2012,1.0384
21/11/2012,1.0365
23/11/2012,1.0458
26/11/2012,1.0462
27/11/2012,1.0446
28/11/2012,1.0476
29/11/2012,1.0432
30/11/2012,1.0425
3/12/2012,1.0417
4/12/2012,1.0468
5/12/2012,1.0452
6/12/2012,1.0485
7/12/2012,1.0488
10/12/2012,1.0484
11/12/2012,1.0524
12/12/2012,1.0554
13/12/2012,1.0522
14/12/2012,1.056
17/12/2012,1.0552
18/12/2012,1.0532
19/12/2012,1.0478
20/12/2012,1.0482
21/12/2012,1.0403
24/12/2012,1.0358
26/12/2012,1.0376
27/12/2012,1.0372
28/12/2012,1.0367
31/12/2012,1.0394
2/01/2013,1.0499
3/01/2013,1.0468
4/01/2013,1.0478
7/01/2013,1.0499
8/01/2013,1.05
9/01/2013,1.0506
10/01/2013,1.0592
11/01/2013,1.0538
14/01/2013,1.0565
15/01/2013,1.0561
16/01/2013,1.0567
17/01/2013,1.0541
18/01/2013,1.0509
22/01/2013,1.0566
23/01/2013,1.0551
24/01/2013,1.0455
25/01/2013,1.0425
28/01/2013,1.0415
29/01/2013,1.047
30/01/2013,1.0415
31/01/2013,1.0426
1/02/2013,1.0403
4/02/2013,1.0433
5/02/2013,1.0386
6/02/2013,1.0322
7/02/2013,1.0281
8/02/2013,1.0321
11/02/2013,1.0249
12/02/2013,1.0304
13/02/2013,1.0347
14/02/2013,1.0354
15/02/2013,1.0303
19/02/2013,1.0352
20/02/2013,1.0255
21/02/2013,1.0243
22/02/2013,1.0325
25/02/2013,1.0263
26/02/2013,1.0227
27/02/2013,1.023
28/02/2013,1.0214
1/03/2013,1.0201
4/03/2013,1.0192
5/03/2013,1.0253
6/03/2013,1.0232
7/03/2013,1.0267
8/03/2013,1.0233
11/03/2013,1.0281
12/03/2013,1.032
13/03/2013,1.0293
14/03/2013,1.038
15/03/2013,1.0407
18/03/2013,1.0401
19/03/2013,1.0369
20/03/2013,1.0372
21/03/2013,1.0437
22/03/2013,1.0443
25/03/2013,1.0459
26/03/2013,1.0483
27/03/2013,1.0442
28/03/2013,1.0408
1/04/2013,1.0421
2/04/2013,1.0446
3/04/2013,1.0458
4/04/2013,1.0428
5/04/2013,1.0388
8/04/2013,1.0407
9/04/2013,1.0484
10/04/2013,1.054
11/04/2013,1.0544
12/04/2013,1.0499
15/04/2013,1.0311
16/04/2013,1.0389
17/04/2013,1.0296
18/04/2013,1.0296
19/04/2013,1.0275
22/04/2013,1.0271
23/04/2013,1.0256
24/04/2013,1.0275
25/04/2013,1.029
26/04/2013,1.0278
29/04/2013,1.0351
30/04/2013,1.037
1/05/2013,1.0277
2/05/2013,1.0244
3/05/2013,1.0314
6/05/2013,1.0251
7/05/2013,1.0182
8/05/2013,1.0167
9/05/2013,1.0091
10/05/2013,1.0018
13/05/2013,0.9951
14/05/2013,0.9888
15/05/2013,0.9897
16/05/2013,0.9808
17/05/2013,0.9732
20/05/2013,0.9805
21/05/2013,0.9805
22/05/2013,0.9696
23/05/2013,0.9747
24/05/2013,0.9652
28/05/2013,0.9614
29/05/2013,0.9633
30/05/2013,0.9658
31/05/2013,0.957
3/06/2013,0.9764
4/06/2013,0.9647
5/06/2013,0.9537
6/06/2013,0.9601
7/06/2013,0.9498
10/06/2013,0.9462
11/06/2013,0.9435
12/06/2013,0.9481
13/06/2013,0.9636
14/06/2013,0.9574
17/06/2013,0.9545
18/06/2013,0.9479
19/06/2013,0.9303
20/06/2013,0.9195
21/06/2013,0.9217
24/06/2013,0.9248
25/06/2013,0.9253
26/06/2013,0.9276
27/06/2013,0.9275
28/06/2013,0.9136
1/07/2013,0.9237
2/07/2013,0.9145
3/07/2013,0.9084
5/07/2013,0.9064
8/07/2013,0.9127
9/07/2013,0.9175
10/07/2013,0.9163
11/07/2013,0.9185
12/07/2013,0.9047
15/07/2013,0.9092
16/07/2013,0.925
17/07/2013,0.9234
18/07/2013,0.9164
19/07/2013,0.9174
22/07/2013,0.9245
23/07/2013,0.9293
24/07/2013,0.9166
25/07/2013,0.9242
26/07/2013,0.9262
29/07/2013,0.9203
30/07/2013,0.9065
31/07/2013,0.8984
1/08/2013,0.8926
2/08/2013,0.8901
5/08/2013,0.8923
6/08/2013,0.8984
7/08/2013,0.8994
8/08/2013,0.9097
9/08/2013,0.9188
12/08/2013,0.9146
13/08/2013,0.911
14/08/2013,0.9122
15/08/2013,0.914
16/08/2013,0.9181
19/08/2013,0.9112
20/08/2013,0.907
21/08/2013,0.8974
22/08/2013,0.9001
23/08/2013,0.9024
26/08/2013,0.9027
27/08/2013,0.8982
28/08/2013,0.8938
29/08/2013,0.8929
30/08/2013,0.8902
3/09/2013,0.9056
4/09/2013,0.9171
5/09/2013,0.9123
6/09/2013,0.9181
9/09/2013,0.9225
10/09/2013,0.9308
11/09/2013,0.9326
12/09/2013,0.9269
13/09/2013,0.9244
16/09/2013,0.9317
17/09/2013,0.9351
18/09/2013,0.9515
19/09/2013,0.9439
20/09/2013,0.9397
23/09/2013,0.9425
24/09/2013,0.9392
25/09/2013,0.9366
26/09/2013,0.9355
27/09/2013,0.9313
30/09/2013,0.9321
1/10/2013,0.9395
2/10/2013,0.9386
3/10/2013,0.9393
4/10/2013,0.9428
7/10/2013,0.9428
8/10/2013,0.9423
9/10/2013,0.9443
10/10/2013,0.9451
11/10/2013,0.9464
14/10/2013,0.9487
15/10/2013,0.9526
16/10/2013,0.9548
17/10/2013,0.9632
18/10/2013,0.967
21/10/2013,0.9654
22/10/2013,0.971
23/10/2013,0.962
24/10/2013,0.962
25/10/2013,0.9579
28/10/2013,0.9572
29/10/2013,0.9478
30/10/2013,0.9484
31/10/2013,0.9453
1/11/2013,0.9437
4/11/2013,0.9509
5/11/2013,0.9502
6/11/2013,0.9525
7/11/2013,0.9452
8/11/2013,0.9383
11/11/2013,0.9357
12/11/2013,0.9301
13/11/2013,0.9359
14/11/2013,0.9314
15/11/2013,0.9372
18/11/2013,0.9372
19/11/2013,0.9429
20/11/2013,0.9334
21/11/2013,0.9231
22/11/2013,0.9169
25/11/2013,0.9137
26/11/2013,0.9124
27/11/2013,0.908
29/11/2013,0.911
2/12/2013,0.9103
3/12/2013,0.9134
4/12/2013,0.9025
5/12/2013,0.9062
6/12/2013,0.9102
9/12/2013,0.9105
10/12/2013,0.9147
11/12/2013,0.9046
12/12/2013,0.8935
13/12/2013,0.8967
16/12/2013,0.8947
17/12/2013,0.8898
18/12/2013,0.8858
19/12/2013,0.8862
20/12/2013,0.8921
23/12/2013,0.8936
24/12/2013,0.8915
26/12/2013,0.8894
27/12/2013,0.8868
30/12/2013,0.8902
31/12/2013,0.8917
2/01/2014,0.8911
3/01/2014,0.8946
6/01/2014,0.8965
7/01/2014,0.8927
8/01/2014,0.8898
9/01/2014,0.8896
10/01/2014,0.8993
13/01/2014,0.9053
14/01/2014,0.8962
15/01/2014,0.8911
16/01/2014,0.882
17/01/2014,0.8779
21/01/2014,0.8807
22/01/2014,0.8846
23/01/2014,0.8769
24/01/2014,0.8683
27/01/2014,0.8731
28/01/2014,0.8774
29/01/2014,0.8738
30/01/2014,0.879
31/01/2014,0.8748
3/02/2014,0.8754
4/02/2014,0.8925
5/02/2014,0.8907
6/02/2014,0.8957
7/02/2014,0.8955
10/02/2014,0.8949
11/02/2014,0.9036
12/02/2014,0.9023
13/02/2014,0.8978
14/02/2014,0.9028
18/02/2014,0.9025
19/02/2014,0.9002
20/02/2014,0.9006
21/02/2014,0.897
24/02/2014,0.903
25/02/2014,0.9013
26/02/2014,0.8963
27/02/2014,0.8964
28/02/2014,0.8927
3/03/2014,0.8933
4/03/2014,0.8949
5/03/2014,0.8984
6/03/2014,0.9088
7/03/2014,0.9066
10/03/2014,0.9019
11/03/2014,0.8974
12/03/2014,0.8984
13/03/2014,0.9025
14/03/2014,0.9027
17/03/2014,0.9083
18/03/2014,0.9123
19/03/2014,0.9039
20/03/2014,0.904
21/03/2014,0.9085
24/03/2014,0.9131
25/03/2014,0.9166
26/03/2014,0.9225
27/03/2014,0.9263
28/03/2014,0.9244
31/03/2014,0.9266
1/04/2014,0.9245
2/04/2014,0.9243
3/04/2014,0.9227
4/04/2014,0.9292
7/04/2014,0.927
8/04/2014,0.9355
9/04/2014,0.9386
10/04/2014,0.9412
11/04/2014,0.939
14/04/2014,0.942
15/04/2014,0.9361
16/04/2014,0.9369
17/04/2014,0.9335
21/04/2014,0.9326
22/04/2014,0.9364
23/04/2014,0.9291
24/04/2014,0.9261
25/04/2014,0.927
28/04/2014,0.9256
29/04/2014,0.9268
30/04/2014,0.9282
1/05/2014,0.9269
2/05/2014,0.9273
5/05/2014,0.9269
6/05/2014,0.935
7/05/2014,0.9325
8/05/2014,0.9372
9/05/2014,0.9359
12/05/2014,0.936
13/05/2014,0.9356
14/05/2014,0.9376
15/05/2014,0.9355
16/05/2014,0.936
19/05/2014,0.9328
20/05/2014,0.9242
21/05/2014,0.925
22/05/2014,0.9223
23/05/2014,0.9226
27/05/2014,0.9257
28/05/2014,0.9234
29/05/2014,0.9302
30/05/2014,0.9306
2/06/2014,0.9244
3/06/2014,0.9263
4/06/2014,0.9277
5/06/2014,0.9338
6/06/2014,0.933
9/06/2014,0.9353
10/06/2014,0.9372
11/06/2014,0.9384
12/06/2014,0.9423
13/06/2014,0.9401
16/06/2014,0.9398
17/06/2014,0.9333
18/06/2014,0.9409
19/06/2014,0.9399
20/06/2014,0.9385
23/06/2014,0.9417
24/06/2014,0.9366
25/06/2014,0.9402
26/06/2014,0.9413
27/06/2014,0.9423
30/06/2014,0.943
1/07/2014,0.9497
2/07/2014,0.9437
3/07/2014,0.9345
7/07/2014,0.9371
8/07/2014,0.9398
9/07/2014,0.9407
10/07/2014,0.9389
11/07/2014,0.9386
14/07/2014,0.9391
15/07/2014,0.9372
16/07/2014,0.9366
17/07/2014,0.935
18/07/2014,0.9395
21/07/2014,0.9374
22/07/2014,0.9391
23/07/2014,0.9455
24/07/2014,0.9418
25/07/2014,0.9397
28/07/2014,0.9405
29/07/2014,0.9381
30/07/2014,0.9329
31/07/2014,0.9294
1/08/2014,0.9306
4/08/2014,0.9331
5/08/2014,0.9303
6/08/2014,0.9353
7/08/2014,0.927
8/08/2014,0.9276
11/08/2014,0.926
12/08/2014,0.9268
13/08/2014,0.9304
14/08/2014,0.9319
15/08/2014,0.932
18/08/2014,0.9324
19/08/2014,0.93
20/08/2014,0.9285
21/08/2014,0.93
22/08/2014,0.9312
25/08/2014,0.9296
26/08/2014,0.9301
27/08/2014,0.9335
28/08/2014,0.935
29/08/2014,0.934
2/09/2014,0.9276
3/09/2014,0.9344
4/09/2014,0.9351
5/09/2014,0.9372
8/09/2014,0.9278
9/09/2014,0.9201
10/09/2014,0.9161
11/09/2014,0.9097
12/09/2014,0.9039
15/09/2014,0.9027
16/09/2014,0.9088
17/09/2014,0.8961
18/09/2014,0.8989
19/09/2014,0.8922
22/09/2014,0.8869
23/09/2014,0.8839
24/09/2014,0.8881
25/09/2014,0.8783
26/09/2014,0.8759
29/09/2014,0.8716
30/09/2014,0.8748
1/10/2014,0.8737
2/10/2014,0.8799
3/10/2014,0.8675
6/10/2014,0.876
7/10/2014,0.8814
8/10/2014,0.8835
9/10/2014,0.8776
10/10/2014,0.8685
13/10/2014,0.8769
14/10/2014,0.8711
15/10/2014,0.8827
16/10/2014,0.8754
17/10/2014,0.8748
20/10/2014,0.8783
21/10/2014,0.8781
22/10/2014,0.8777
23/10/2014,0.8757
24/10/2014,0.8797
27/10/2014,0.88
28/10/2014,0.8854
29/10/2014,0.8796
30/10/2014,0.8832
31/10/2014,0.8797
3/11/2014,0.8681
4/11/2014,0.8735
5/11/2014,0.8591
6/11/2014,0.8557
7/11/2014,0.863
10/11/2014,0.862
11/11/2014,0.8684
12/11/2014,0.8714
13/11/2014,0.8715
14/11/2014,0.8741
17/11/2014,0.8708
18/11/2014,0.8719
19/11/2014,0.8613
20/11/2014,0.8621
21/11/2014,0.8666
24/11/2014,0.8616
25/11/2014,0.8525
26/11/2014,0.8541
28/11/2014,0.8509
1/12/2014,0.849
2/12/2014,0.8438
3/12/2014,0.8404
4/12/2014,0.8383
5/12/2014,0.8323
8/12/2014,0.8292
9/12/2014,0.8294
10/12/2014,0.8319
11/12/2014,0.8272
12/12/2014,0.8244
15/12/2014,0.8211
16/12/2014,0.822
17/12/2014,0.8124
18/12/2014,0.8166
19/12/2014,0.8143
22/12/2014,0.813
23/12/2014,0.8103
24/12/2014,0.8109
26/12/2014,0.8115
29/12/2014,0.8133
30/12/2014,0.8181
31/12/2014,0.8162
2/01/2015,0.8091
5/01/2015,0.808
6/01/2015,0.8085
7/01/2015,0.8072
8/01/2015,0.8121
9/01/2015,0.82
12/01/2015,0.8156
13/01/2015,0.8165
14/01/2015,0.8147
15/01/2015,0.8219
16/01/2015,0.8223
20/01/2015,0.8166
21/01/2015,0.8086
22/01/2015,0.8023
23/01/2015,0.7904
26/01/2015,0.7921
27/01/2015,0.7936
28/01/2015,0.7889
29/01/2015,0.776
30/01/2015,0.777
2/02/2015,0.7801
3/02/2015,0.7789
4/02/2015,0.7751
5/02/2015,0.7796
6/02/2015,0.7795
9/02/2015,0.7797
10/02/2015,0.7767
11/02/2015,0.7711
12/02/2015,0.7733
13/02/2015,0.7751
17/02/2015,0.7814
18/02/2015,0.7812
19/02/2015,0.7786
20/02/2015,0.7842
23/02/2015,0.7803
24/02/2015,0.7826
25/02/2015,0.7881
26/02/2015,0.7799
27/02/2015,0.7809
2/03/2015,0.7763
3/03/2015,0.7813
4/03/2015,0.7814
5/03/2015,0.7775
6/03/2015,0.7714
9/03/2015,0.7701
10/03/2015,0.7625
11/03/2015,0.7594
12/03/2015,0.7707
13/03/2015,0.7631
16/03/2015,0.7638
17/03/2015,0.761
18/03/2015,0.7778
19/03/2015,0.7647
20/03/2015,0.7775
23/03/2015,0.7881
24/03/2015,0.7876
25/03/2015,0.7843
26/03/2015,0.7827
27/03/2015,0.7743
30/03/2015,0.7645
31/03/2015,0.7603
1/04/2015,0.7597
2/04/2015,0.7586
6/04/2015,0.759
7/04/2015,0.7631
8/04/2015,0.7682
9/04/2015,0.7693
10/04/2015,0.7678
13/04/2015,0.7588
14/04/2015,0.7626
15/04/2015,0.768
16/04/2015,0.7801
17/04/2015,0.7774
20/04/2015,0.7724
21/04/2015,0.7705
22/04/2015,0.7752
23/04/2015,0.7777
24/04/2015,0.782
27/04/2015,0.7852
28/04/2015,0.8018
29/04/2015,0.8007
30/04/2015,0.7901
1/05/2015,0.7842
4/05/2015,0.784
5/05/2015,0.7939
6/05/2015,0.7967
7/05/2015,0.7904
8/05/2015,0.793
11/05/2015,0.7889
12/05/2015,0.7971
13/05/2015,0.8108
14/05/2015,0.8079
15/05/2015,0.8036
18/05/2015,0.7988
19/05/2015,0.7911
20/05/2015,0.7873
21/05/2015,0.7888
22/05/2015,0.7831
26/05/2015,0.7732
27/05/2015,0.7729
28/05/2015,0.7649
29/05/2015,0.7645
1/06/2015,0.7606
2/06/2015,0.7772
3/06/2015,0.7787
4/06/2015,0.7688
5/06/2015,0.7623
8/06/2015,0.7703
9/06/2015,0.7691
10/06/2015,0.7761
11/06/2015,0.7755
12/06/2015,0.7731
15/06/2015,0.7766
16/06/2015,0.7752
17/06/2015,0.7749
18/06/2015,0.78
19/06/2015,0.7772
22/06/2015,0.7728
23/06/2015,0.7736
24/06/2015,0.7704
25/06/2015,0.7738
26/06/2015,0.7655
29/06/2015,0.7679
30/06/2015,0.7707
1/07/2015,0.7645
2/07/2015,0.7633
3/07/2015,0.7523
6/07/2015,0.75
7/07/2015,0.7451
8/07/2015,0.7429
9/07/2015,0.7447
10/07/2015,0.7446
13/07/2015,0.7407
14/07/2015,0.7452
15/07/2015,0.7379
16/07/2015,0.7405
17/07/2015,0.7371
20/07/2015,0.7372
21/07/2015,0.7419
22/07/2015,0.7377
23/07/2015,0.7356
24/07/2015,0.7282
27/07/2015,0.7269
28/07/2015,0.7338
29/07/2015,0.7295
30/07/2015,0.7293
31/07/2015,0.7308
3/08/2015,0.7286
4/08/2015,0.738
5/08/2015,0.7356
6/08/2015,0.7346
7/08/2015,0.7418
10/08/2015,0.7413
11/08/2015,0.7304
12/08/2015,0.7379
13/08/2015,0.736
14/08/2015,0.7379
17/08/2015,0.7372
18/08/2015,0.7341
19/08/2015,0.7348
20/08/2015,0.7337
21/08/2015,0.7316
24/08/2015,0.7156
25/08/2015,0.713
26/08/2015,0.7122
27/08/2015,0.7166
28/08/2015,0.7173
31/08/2015,0.7113
1/09/2015,0.7019
2/09/2015,0.7039
3/09/2015,0.7017
4/09/2015,0.6908
7/09/2015,0.6924
8/09/2015,0.7017
9/09/2015,0.7018
10/09/2015,0.7072
11/09/2015,0.7092
14/09/2015,0.7138
15/09/2015,0.7142
16/09/2015,0.7197
17/09/2015,0.7173
18/09/2015,0.7189
21/09/2015,0.7132
22/09/2015,0.7089
23/09/2015,0.7003
24/09/2015,0.7024
25/09/2015,0.7024
28/09/2015,0.6989
29/09/2015,0.6985
30/09/2015,0.7018
1/10/2015,0.703
2/10/2015,0.7045
5/10/2015,0.7083
6/10/2015,0.7166
7/10/2015,0.7208
8/10/2015,0.726
9/10/2015,0.7336
12/10/2015,0.7362
13/10/2015,0.7245
14/10/2015,0.73
15/10/2015,0.7329
16/10/2015,0.7264
19/10/2015,0.7248
20/10/2015,0.726
21/10/2015,0.721
22/10/2015,0.7208
23/10/2015,0.7216
26/10/2015,0.7249
27/10/2015,0.7193
28/10/2015,0.7115
29/10/2015,0.7074
30/10/2015,0.7138
2/11/2015,0.7147
3/11/2015,0.7186
4/11/2015,0.7149
5/11/2015,0.7144
6/11/2015,0.7043
9/11/2015,0.7047
10/11/2015,0.7032
11/11/2015,0.7062
12/11/2015,0.7126
13/11/2015,0.7127
16/11/2015,0.7096
17/11/2015,0.7111
18/11/2015,0.7111
19/11/2015,0.7194
20/11/2015,0.7239
23/11/2015,0.7192
24/11/2015,0.7257
25/11/2015,0.7252
26/11/2015,0.7225
27/11/2015,0.7193
30/11/2015,0.7227
1/12/2015,0.7323
2/12/2015,0.7309
3/12/2015,0.7341
4/12/2015,0.7339
7/12/2015,0.7267
8/12/2015,0.7215
9/12/2015,0.7229
10/12/2015,0.7281
11/12/2015,0.7189
14/12/2015,0.7242
15/12/2015,0.7192
16/12/2015,0.7233
17/12/2015,0.7129
18/12/2015,0.7176
21/12/2015,0.719
22/12/2015,0.7236
23/12/2015,0.7234
24/12/2015,0.7263
25/12/2015,0.728
28/12/2015,0.7249
29/12/2015,0.7296
30/12/2015,0.7287
31/12/2015,0.7286
1/01/2016,0.7303
4/01/2016,0.7191
5/01/2016,0.7161
6/01/2016,0.7072
7/01/2016,0.7012
8/01/2016,0.6953
11/01/2016,0.6995
12/01/2016,0.6986
13/01/2016,0.6955
14/01/2016,0.6985
15/01/2016,0.6864
18/01/2016,0.6866
19/01/2016,0.6909
20/01/2016,0.6908
21/01/2016,0.6999
22/01/2016,0.7002
25/01/2016,0.6955
26/01/2016,0.7005
27/01/2016,0.7027
28/01/2016,0.7084
29/01/2016,0.7084
1/02/2016,0.7114
2/02/2016,0.7039
3/02/2016,0.7169
4/02/2016,0.7201
5/02/2016,0.7067
8/02/2016,0.7087
9/02/2016,0.707
10/02/2016,0.7095
11/02/2016,0.7109
12/02/2016,0.7112
15/02/2016,0.7139
16/02/2016,0.7111
17/02/2016,0.7185
18/02/2016,0.7157
19/02/2016,0.7148
22/02/2016,0.7227
23/02/2016,0.7202
24/02/2016,0.7196
25/02/2016,0.7236
26/02/2016,0.7126
29/02/2016,0.7141
1/03/2016,0.7175
2/03/2016,0.7295
3/03/2016,0.7352
4/03/2016,0.7439
7/03/2016,0.7469
8/03/2016,0.7439
9/03/2016,0.7486
10/03/2016,0.7454
11/03/2016,0.7565
14/03/2016,0.7515
15/03/2016,0.7457
16/03/2016,0.7553
17/03/2016,0.7649
18/03/2016,0.7608
21/03/2016,0.7578
22/03/2016,0.7622
23/03/2016,0.7532
24/03/2016,0.7528
25/03/2016,0.7507
28/03/2016,0.7545
29/03/2016,0.7627
30/03/2016,0.7671
31/03/2016,0.7657
1/04/2016,0.7677
4/04/2016,0.7605
5/04/2016,0.7543
6/04/2016,0.7599
7/04/2016,0.7505
8/04/2016,0.7556
11/04/2016,0.7595
12/04/2016,0.7684
13/04/2016,0.7653
14/04/2016,0.7695
15/04/2016,0.7725
18/04/2016,0.775
19/04/2016,0.7813
20/04/2016,0.7794
21/04/2016,0.7738
22/04/2016,0.7708
25/04/2016,0.7715
26/04/2016,0.7749
27/04/2016,0.7591
28/04/2016,0.7625
29/04/2016,0.7603
2/05/2016,0.7667
3/05/2016,0.7485
4/05/2016,0.7457
5/05/2016,0.7465
6/05/2016,0.7366
9/05/2016,0.7316
10/05/2016,0.7363
11/05/2016,0.7375
12/05/2016,0.7325
13/05/2016,0.7271
16/05/2016,0.7289
17/05/2016,0.7325
18/05/2016,0.7229
19/05/2016,0.7228
20/05/2016,0.7222
23/05/2016,0.7224
24/05/2016,0.7183
25/05/2016,0.7198
26/05/2016,0.7226
27/05/2016,0.7182
30/05/2016,0.7183
31/05/2016,0.7234
1/06/2016,0.7257
2/06/2016,0.7229
3/06/2016,0.7367
6/06/2016,0.7366
7/06/2016,0.7459
8/06/2016,0.7471
9/06/2016,0.7431
10/06/2016,0.7373
13/06/2016,0.7387
14/06/2016,0.7358
15/06/2016,0.7407
16/06/2016,0.7363
17/06/2016,0.7387
20/06/2016,0.7457
21/06/2016,0.745
22/06/2016,0.7501
23/06/2016,0.7613
24/06/2016,0.7466
27/06/2016,0.733
28/06/2016,0.7386
29/06/2016,0.7451
30/06/2016,0.7451
1/07/2016,0.7498
4/07/2016,0.7538
5/07/2016,0.7463
6/07/2016,0.752
7/07/2016,0.7479
8/07/2016,0.7569
11/07/2016,0.7532
12/07/2016,0.7623
13/07/2016,0.7608
14/07/2016,0.7632
15/07/2016,0.7578
18/07/2016,0.7591
19/07/2016,0.7504
20/07/2016,0.7478
21/07/2016,0.7495
22/07/2016,0.7462
25/07/2016,0.747
26/07/2016,0.7502
27/07/2016,0.7491
28/07/2016,0.7503
29/07/2016,0.7596
1/08/2016,0.7536
2/08/2016,0.7609
3/08/2016,0.7588
4/08/2016,0.7628
5/08/2016,0.7619
8/08/2016,0.7651
9/08/2016,0.7673
10/08/2016,0.7703
11/08/2016,0.7699
12/08/2016,0.7652
15/08/2016,0.7674
16/08/2016,0.7695
17/08/2016,0.7655
18/08/2016,0.7686
19/08/2016,0.7627
22/08/2016,0.7626
23/08/2016,0.7615
24/08/2016,0.7613
25/08/2016,0.7618
26/08/2016,0.7564
29/08/2016,0.7569
30/08/2016,0.7509
31/08/2016,0.7517
1/09/2016,0.7551
2/09/2016,0.7573
5/09/2016,0.7582
6/09/2016,0.7687
7/09/2016,0.7673
8/09/2016,0.7643
9/09/2016,0.7541
12/09/2016,0.7566
13/09/2016,0.7464
14/09/2016,0.7469
15/09/2016,0.7515
16/09/2016,0.7491
19/09/2016,0.7534
20/09/2016,0.7556
21/09/2016,0.7624
22/09/2016,0.7643
23/09/2016,0.7623
26/09/2016,0.7636
27/09/2016,0.7667
28/09/2016,0.7692
29/09/2016,0.7636
30/09/2016,0.7664
3/10/2016,0.7675
4/10/2016,0.762
5/10/2016,0.7622
6/10/2016,0.7585
7/10/2016,0.7582
10/10/2016,0.7607
11/10/2016,0.7539
12/10/2016,0.7562
13/10/2016,0.7569
14/10/2016,0.7618
17/10/2016,0.7629
18/10/2016,0.7666
19/10/2016,0.7722
20/10/2016,0.7627
21/10/2016,0.7608
24/10/2016,0.7611
25/10/2016,0.7646
26/10/2016,0.7651
27/10/2016,0.7589
28/10/2016,0.7599
31/10/2016,0.7609
1/11/2016,0.7652
2/11/2016,0.7661
3/11/2016,0.7682
4/11/2016,0.7673
7/11/2016,0.7728
8/11/2016,0.7762
9/11/2016,0.7635
10/11/2016,0.7613
11/11/2016,0.7546
14/11/2016,0.7554
15/11/2016,0.7559
16/11/2016,0.748
17/11/2016,0.7406
18/11/2016,0.7338
21/11/2016,0.7369
22/11/2016,0.7402
23/11/2016,0.7385
24/11/2016,0.7408
25/11/2016,0.7443
28/11/2016,0.7482
29/11/2016,0.7484
30/11/2016,0.7385
1/12/2016,0.7415
2/12/2016,0.7457
5/12/2016,0.7472
6/12/2016,0.7461
7/12/2016,0.7482
8/12/2016,0.7463
9/12/2016,0.7449
12/12/2016,0.7497
13/12/2016,0.75
14/12/2016,0.7406
15/12/2016,0.7358
16/12/2016,0.7304
19/12/2016,0.7245
20/12/2016,0.7259
21/12/2016,0.7238
22/12/2016,0.7217
23/12/2016,0.7176
26/12/2016,0.7192
27/12/2016,0.7185
28/12/2016,0.7177
29/12/2016,0.7219
30/12/2016,0.7208
2/01/2017,0.7184
3/01/2017,0.7219
4/01/2017,0.7283
5/01/2017,0.7338
6/01/2017,0.7301
9/01/2017,0.7354
10/01/2017,0.7368
11/01/2017,0.7441
12/01/2017,0.7484
13/01/2017,0.7502
16/01/2017,0.7477
17/01/2017,0.7567
18/01/2017,0.7505
19/01/2017,0.7561
20/01/2017,0.7555
23/01/2017,0.7584
24/01/2017,0.7582
25/01/2017,0.7572
26/01/2017,0.7535
27/01/2017,0.7551
30/01/2017,0.7555
31/01/2017,0.7585
1/02/2017,0.7586
2/02/2017,0.7658
3/02/2017,0.768
6/02/2017,0.766
7/02/2017,0.7628
8/02/2017,0.7645
9/02/2017,0.7625
10/02/2017,0.7674
13/02/2017,0.764
14/02/2017,0.7663
15/02/2017,0.771
16/02/2017,0.7694
17/02/2017,0.7664
20/02/2017,0.7688
21/02/2017,0.7675
22/02/2017,0.7703
23/02/2017,0.7715
24/02/2017,0.7676
27/02/2017,0.7673
28/02/2017,0.7657
1/03/2017,0.7677
2/03/2017,0.7572
3/03/2017,0.7596
6/03/2017,0.7579
7/03/2017,0.7588
8/03/2017,0.7528
9/03/2017,0.7506
10/03/2017,0.7542
13/03/2017,0.7571
14/03/2017,0.7559
15/03/2017,0.7709
16/03/2017,0.7678
17/03/2017,0.7704
20/03/2017,0.7731
21/03/2017,0.7691
22/03/2017,0.7678
23/03/2017,0.7627
24/03/2017,0.7623
27/03/2017,0.7618
28/03/2017,0.7633
29/03/2017,0.767
30/03/2017,0.7641
31/03/2017,0.7629
3/04/2017,0.7605
4/04/2017,0.7565
5/04/2017,0.757
6/04/2017,0.7545
7/04/2017,0.75
10/04/2017,0.7501
11/04/2017,0.7499
12/04/2017,0.7522
13/04/2017,0.7568
14/04/2017,0.7579
17/04/2017,0.7589
18/04/2017,0.756
19/04/2017,0.7497
20/04/2017,0.7527
21/04/2017,0.7541
24/04/2017,0.7571
25/04/2017,0.7535
26/04/2017,0.7474
27/04/2017,0.7465
28/04/2017,0.7488
1/05/2017,0.7526
2/05/2017,0.7536
3/05/2017,0.7423
4/05/2017,0.7409
5/05/2017,0.7424
8/05/2017,0.7387
9/05/2017,0.7345
10/05/2017,0.7367
11/05/2017,0.7379
12/05/2017,0.7387
15/05/2017,0.7413
16/05/2017,0.7426
17/05/2017,0.7432
18/05/2017,0.7419
19/05/2017,0.7459
22/05/2017,0.7477
23/05/2017,0.7478
24/05/2017,0.7503
25/05/2017,0.7454
26/05/2017,0.7448
29/05/2017,0.744
30/05/2017,0.7465
31/05/2017,0.743
1/06/2017,0.7374
2/06/2017,0.7443
5/06/2017,0.7487
6/06/2017,0.7506
7/06/2017,0.7549
8/06/2017,0.7547
9/06/2017,0.7527
12/06/2017,0.7541
13/06/2017,0.7537
14/06/2017,0.7585
15/06/2017,0.7579
16/06/2017,0.7621
19/06/2017,0.76
20/06/2017,0.758
21/06/2017,0.7553
22/06/2017,0.7542
23/06/2017,0.7568
26/06/2017,0.7585
27/06/2017,0.7583
28/06/2017,0.764
29/06/2017,0.7683
30/06/2017,0.7689
3/07/2017,0.7661
4/07/2017,0.7606
5/07/2017,0.7603
6/07/2017,0.7586
7/07/2017,0.7601
10/07/2017,0.7606
11/07/2017,0.7638
12/07/2017,0.7678
13/07/2017,0.7731
14/07/2017,0.7832
17/07/2017,0.7801
18/07/2017,0.7916
19/07/2017,0.7952
20/07/2017,0.7958
21/07/2017,0.7916
24/07/2017,0.7924
25/07/2017,0.7937
26/07/2017,0.8005
27/07/2017,0.7967
28/07/2017,0.7987
31/07/2017,0.8003
1/08/2017,0.7969
2/08/2017,0.7968
3/08/2017,0.795
4/08/2017,0.7922
7/08/2017,0.7912
8/08/2017,0.7914
9/08/2017,0.7888
10/08/2017,0.7875
11/08/2017,0.7894
14/08/2017,0.7852
15/08/2017,0.7821
16/08/2017,0.7925
17/08/2017,0.7885
18/08/2017,0.7929
21/08/2017,0.7939
22/08/2017,0.7911
23/08/2017,0.7904
24/08/2017,0.7905
25/08/2017,0.7932
28/08/2017,0.7963
29/08/2017,0.7951
30/08/2017,0.7905
31/08/2017,0.7947
1/09/2017,0.7975
4/09/2017,0.7944
5/09/2017,0.7996
6/09/2017,0.8
7/09/2017,0.8047
8/09/2017,0.806
11/09/2017,0.8029
12/09/2017,0.8019
13/09/2017,0.7986
14/09/2017,0.8005
15/09/2017,0.8002
18/09/2017,0.7958
19/09/2017,0.801
20/09/2017,0.8031
21/09/2017,0.7929
22/09/2017,0.7962
25/09/2017,0.7937
26/09/2017,0.7886
27/09/2017,0.7849
28/09/2017,0.7856
29/09/2017,0.7834
2/10/2017,0.7827
3/10/2017,0.7836
4/10/2017,0.7865
5/10/2017,0.7795
6/10/2017,0.7767
9/10/2017,0.7753
10/10/2017,0.7778
11/10/2017,0.7788
12/10/2017,0.782
13/10/2017,0.7887
16/10/2017,0.7851
17/10/2017,0.7846
18/10/2017,0.7846
19/10/2017,0.7878
20/10/2017,0.7817
23/10/2017,0.7807
24/10/2017,0.7776
25/10/2017,0.7704
26/10/2017,0.766
27/10/2017,0.7677
29/10/2017,0.7681
30/10/2017,0.7688
31/10/2017,0.7656
1/11/2017,0.7676
2/11/2017,0.7713
3/11/2017,0.765
6/11/2017,0.7691
7/11/2017,0.7645
8/11/2017,0.7678
9/11/2017,0.768
10/11/2017,0.7661
13/11/2017,0.7623
14/11/2017,0.7631
15/11/2017,0.7589
16/11/2017,0.7588
17/11/2017,0.7564
20/11/2017,0.755
21/11/2017,0.7578
22/11/2017,0.7617
23/11/2017,0.7625
24/11/2017,0.7617
27/11/2017,0.7602
28/11/2017,0.7595
29/11/2017,0.757
30/11/2017,0.7566
1/12/2017,0.7613
4/12/2017,0.7598
5/12/2017,0.7607
6/12/2017,0.7564
7/12/2017,0.7511
8/12/2017,0.7509
11/12/2017,0.7526
12/12/2017,0.7558
13/12/2017,0.7637
14/12/2017,0.7666
15/12/2017,0.7646
18/12/2017,0.7664
19/12/2017,0.7663
20/12/2017,0.7667
21/12/2017,0.7702
22/12/2017,0.7709
25/12/2017,0.7717
26/12/2017,0.7728
27/12/2017,0.7768
28/12/2017,0.7794
29/12/2017,0.7809
1/01/2018,0.7805
2/01/2018,0.783
3/01/2018,0.7836
4/01/2018,0.7864
5/01/2018,0.7864
8/01/2018,0.7842
9/01/2018,0.7824
10/01/2018,0.7843
11/01/2018,0.7892
12/01/2018,0.7917
15/01/2018,0.7965
16/01/2018,0.7961
17/01/2018,0.797
18/01/2018,0.8001
19/01/2018,0.7995
22/01/2018,0.8017
23/01/2018,0.8
24/01/2018,0.8062
25/01/2018,0.8026
26/01/2018,0.811
29/01/2018,0.8094
30/01/2018,0.8083
31/01/2018,0.8055
1/02/2018,0.8039
2/02/2018,0.7931
5/02/2018,0.7878
6/02/2018,0.7906
7/02/2018,0.7823
8/02/2018,0.7781
9/02/2018,0.7813
12/02/2018,0.7862
13/02/2018,0.7859
14/02/2018,0.7926
15/02/2018,0.7945
16/02/2018,0.7905
19/02/2018,0.7913
20/02/2018,0.7883
21/02/2018,0.7804
22/02/2018,0.7846
23/02/2018,0.7847
24/02/2018,0.7847
25/02/2018,0.7839
26/02/2018,0.7851
27/02/2018,0.7795
28/02/2018,0.7765
1/03/2018,0.7765
2/03/2018,0.7766
3/03/2018,0.7766
4/03/2018,0.7756
5/03/2018,0.7768
6/03/2018,0.7787
7/03/2018,0.7828
8/03/2018,0.7791
9/03/2018,0.7855
10/03/2018,0.7855
11/03/2018,0.7863
12/03/2018,0.7873
13/03/2018,0.7859
14/03/2018,0.7881
15/03/2018,0.779
16/03/2018,0.772
17/03/2018,0.772
18/03/2018,0.7717
19/03/2018,0.771
20/03/2018,0.769
21/03/2018,0.7776
22/03/2018,0.7695
23/03/2018,0.7701
24/03/2018,0.7701
25/03/2018,0.771
26/03/2018,0.7756
27/03/2018,0.7689
28/03/2018,0.7661
29/03/2018,0.7686
30/03/2018,0.7683
31/03/2018,0.7683
1/04/2018,0.7684
2/04/2018,0.7653
3/04/2018,0.7683
4/04/2018,0.7718
5/04/2018,0.7668
6/04/2018,0.7675
7/04/2018,0.7675
8/04/2018,0.7681
9/04/2018,0.77
10/04/2018,0.7765
11/04/2018,0.7766
12/04/2018,0.7758
13/04/2018,0.7768
14/04/2018,0.7768
15/04/2018,0.7774
16/04/2018,0.7774
17/04/2018,0.7768
18/04/2018,0.779
19/04/2018,0.7724
20/04/2018,0.7671
21/04/2018,0.7671
22/04/2018,0.766
23/04/2018,0.7603
24/04/2018,0.7609
25/04/2018,0.7571
26/04/2018,0.7558
27/04/2018,0.7583
28/04/2018,0.7583
29/04/2018,0.7575
30/04/2018,0.7534
1/05/2018,0.7485
2/05/2018,0.7488
3/05/2018,0.7529
4/05/2018,0.7542
5/05/2018,0.7542
6/05/2018,0.7528
7/05/2018,0.752
8/05/2018,0.7449
9/05/2018,0.7459
10/05/2018,0.7527
11/05/2018,0.7547
12/05/2018,0.7547
13/05/2018,0.7552
14/05/2018,0.7528
15/05/2018,0.7469
16/05/2018,0.752
17/05/2018,0.7509
18/05/2018,0.7513
19/05/2018,0.7513
20/05/2018,0.7525
21/05/2018,0.7584
22/05/2018,0.7583
23/05/2018,0.7568
24/05/2018,0.7574
25/05/2018,0.7557
26/05/2018,0.7557
27/05/2018,0.7557
28/05/2018,0.7547
29/05/2018,0.7484
30/05/2018,0.7572
31/05/2018,0.7564
1/06/2018,0.7571
2/06/2018,0.7571
3/06/2018,0.757
4/06/2018,0.7653
5/06/2018,0.7625
6/06/2018,0.7665
7/06/2018,0.7618
8/06/2018,0.7604
9/06/2018,0.7604
10/06/2018,0.7602
11/06/2018,0.7606
12/06/2018,0.7575
13/06/2018,0.7573
14/06/2018,0.7468
15/06/2018,0.7443
16/06/2018,0.7443
17/06/2018,0.7442
18/06/2018,0.7404
19/06/2018,0.739
20/06/2018,0.7373
21/06/2018,0.7381
22/06/2018,0.7445
23/06/2018,0.7445
24/06/2018,0.744
25/06/2018,0.7412
26/06/2018,0.7393
27/06/2018,0.7343
28/06/2018,0.7347
29/06/2018,0.7406
30/06/2018,0.7406
1/07/2018,0.74
2/07/2018,0.7339
3/07/2018,0.738
4/07/2018,0.7383
5/07/2018,0.7388
6/07/2018,0.7434
7/07/2018,0.7434
8/07/2018,0.7437
9/07/2018,0.7471
10/07/2018,0.7417
11/07/2018,0.7366
12/07/2018,0.7408
13/07/2018,0.7427
14/07/2018,0.7427
15/07/2018,0.7421
16/07/2018,0.7415
17/07/2018,0.7378
18/07/2018,0.7401
19/07/2018,0.7364
20/07/2018,0.7427
21/07/2018,0.7427
22/07/2018,0.7427
23/07/2018,0.7381
24/07/2018,0.7428
25/07/2018,0.7459
26/07/2018,0.738
27/07/2018,0.7407
28/07/2018,0.7407
29/07/2018,0.7399
30/07/2018,0.7407
31/07/2018,0.7419
1/08/2018,0.7405
2/08/2018,0.736
3/08/2018,0.7401
4/08/2018,0.7401
5/08/2018,0.7396
6/08/2018,0.7387
7/08/2018,0.7423
8/08/2018,0.7427
9/08/2018,0.7372
10/08/2018,0.7303
11/08/2018,0.7303
12/08/2018,0.7288
13/08/2018,0.7266
14/08/2018,0.7237
15/08/2018,0.7236
16/08/2018,0.7259
17/08/2018,0.7316
18/08/2018,0.7316
19/08/2018,0.7308
20/08/2018,0.7337
21/08/2018,0.7359
22/08/2018,0.7341
23/08/2018,0.7245
24/08/2018,0.7326
25/08/2018,0.7326
26/08/2018,0.7344
27/08/2018,0.7348
28/08/2018,0.7341
29/08/2018,0.7312
30/08/2018,0.7261
31/08/2018,0.7191
1/09/2018,0.7191
2/09/2018,0.7191
3/09/2018,0.7208
4/09/2018,0.7183
5/09/2018,0.7196
6/09/2018,0.719
7/09/2018,0.7109
8/09/2018,0.7107
9/09/2018,0.7115
10/09/2018,0.7109
11/09/2018,0.711
12/09/2018,0.717
13/09/2018,0.7195
14/09/2018,0.7151
15/09/2018,0.7151
17/09/2018,0.7155
18/09/2018,0.7231
19/09/2018,0.7259
20/09/2018,0.729
21/09/2018,0.7301
22/09/2018,0.7301
24/09/2018,0.7252
25/09/2018,0.7249
26/09/2018,0.7264
27/09/2018,0.7206
28/09/2018,0.7224
29/09/2018,0.7224
1/10/2018,0.7224
2/10/2018,0.7188
3/10/2018,0.7107
4/10/2018,0.7079
5/10/2018,0.7057
6/10/2018,0.7057
8/10/2018,0.7076
9/10/2018,0.7104
10/10/2018,0.7065
11/10/2018,0.7123
12/10/2018,0.7115
13/10/2018,0.7115
15/10/2018,0.7138
16/10/2018,0.7143
17/10/2018,0.7109
18/10/2018,0.7099
19/10/2018,0.712
20/10/2018,0.712
22/10/2018,0.7078
23/10/2018,0.7084
24/10/2018,0.7066
25/10/2018,0.708
26/10/2018,0.709
27/10/2018,0.709
29/10/2018,0.7059
30/10/2018,0.7099
31/10/2018,0.7079
1/11/2018,0.7201
2/11/2018,0.721
3/11/2018,0.721
5/11/2018,0.7213
6/11/2018,0.7235
7/11/2018,0.7273
8/11/2018,0.7261
9/11/2018,0.723
10/11/2018,0.723
12/11/2018,0.7176
13/11/2018,0.7221
14/11/2018,0.7232
15/11/2018,0.7278
16/11/2018,0.7331
17/11/2018,0.7331
19/11/2018,0.7292
20/11/2018,0.7203
21/11/2018,0.7261
22/11/2018,0.7254
23/11/2018,0.7237
24/11/2018,0.7237
26/11/2018,0.7219
27/11/2018,0.7226
28/11/2018,0.7304
29/11/2018,0.7314
30/11/2018,0.7316
1/12/2018,0.7316
3/12/2018,0.7357
4/12/2018,0.7338
5/12/2018,0.7271
6/12/2018,0.7231
7/12/2018,0.7201
8/12/2018,0.7201
10/12/2018,0.7191
11/12/2018,0.7204
12/12/2018,0.7216
13/12/2018,0.7222
14/12/2018,0.7182
15/12/2018,0.7182
17/12/2018,0.7178
18/12/2018,0.7185
19/12/2018,0.7117
20/12/2018,0.7112
21/12/2018,0.7034
22/12/2018,0.7033
24/12/2018,0.7053
25/12/2018,0.7037
26/12/2018,0.7066
27/12/2018,0.7031
28/12/2018,0.7044
29/12/2018,0.7044
31/12/2018,0.704
1/01/2019,0.7045
2/01/2019,0.6875
3/01/2019,0.7003
4/01/2019,0.7122
5/01/2019,0.7122
7/01/2019,0.7145
8/01/2019,0.7139
9/01/2019,0.7174
10/01/2019,0.7184
11/01/2019,0.7222
12/01/2019,0.7222
14/01/2019,0.7194
15/01/2019,0.7201
16/01/2019,0.7171
17/01/2019,0.7188
18/01/2019,0.7168
19/01/2019,0.7168
21/01/2019,0.7159
22/01/2019,0.7122
23/01/2019,0.714
24/01/2019,0.7095
25/01/2019,0.719
26/01/2019,0.719
28/01/2019,0.7161
29/01/2019,0.7152
30/01/2019,0.7243
31/01/2019,0.7273
1/02/2019,0.7253
2/02/2019,0.7253
4/02/2019,0.722
5/02/2019,0.7234
6/02/2019,0.7112
7/02/2019,0.7101
8/02/2019,0.7114
9/02/2019,0.7114
11/02/2019,0.7059
12/02/2019,0.7095
13/02/2019,0.7088
14/02/2019,0.7104
15/02/2019,0.7147
16/02/2019,0.7147
18/02/2019,0.7129
19/02/2019,0.7164
20/02/2019,0.7167
21/02/2019,0.7094
22/02/2019,0.7129
23/02/2019,0.7129
25/02/2019,0.717
26/02/2019,0.7189
27/02/2019,0.7139
28/02/2019,0.71
1/03/2019,0.7083
2/03/2019,0.7083
4/03/2019,0.7088
5/03/2019,0.7076
6/03/2019,0.7029
7/03/2019,0.7015
8/03/2019,0.7052
9/03/2019,0.7046
11/03/2019,0.7071
12/03/2019,0.7077
13/03/2019,0.7095
14/03/2019,0.7066
15/03/2019,0.7091
16/03/2019,0.7091
18/03/2019,0.7096
19/03/2019,0.709
20/03/2019,0.7128
21/03/2019,0.7117
22/03/2019,0.7082
23/03/2019,0.7082
25/03/2019,0.7111
26/03/2019,0.7138
27/03/2019,0.7085
28/03/2019,0.7081
29/03/2019,0.7086
30/03/2019,0.7086
1/04/2019,0.7115
2/04/2019,0.7061
3/04/2019,0.7117
4/04/2019,0.7113
5/04/2019,0.7107
6/04/2019,0.7107
8/04/2019,0.712
9/04/2019,0.7124
10/04/2019,0.7169
11/04/2019,0.7122
12/04/2019,0.7166
13/04/2019,0.7166
15/04/2019,0.717
16/04/2019,0.7161
17/04/2019,0.7174
18/04/2019,0.7151
19/04/2019,0.7157
20/04/2019,0.7157
22/04/2019,0.7139
23/04/2019,0.7096
24/04/2019,0.7015
25/04/2019,0.7019
26/04/2019,0.7038
27/04/2019,0.7038
29/04/2019,0.7056
30/04/2019,0.7043
1/05/2019,0.7019
2/05/2019,0.6999
3/05/2019,0.7021
4/05/2019,0.7021
6/05/2019,0.699
7/05/2019,0.7011
8/05/2019,0.6994
9/05/2019,0.6986
10/05/2019,0.7001
11/05/2019,0.7001
13/05/2019,0.6943
14/05/2019,0.6943
15/05/2019,0.6928
16/05/2019,0.6892
17/05/2019,0.6862
18/05/2019,0.6862
20/05/2019,0.691
21/05/2019,0.6885
22/05/2019,0.6881
23/05/2019,0.69
24/05/2019,0.6925
25/05/2019,0.6925
27/05/2019,0.692
28/05/2019,0.6923
29/05/2019,0.6918
30/05/2019,0.6912
31/05/2019,0.6942
1/06/2019,0.6942
3/06/2019,0.6975
4/06/2019,0.699
5/06/2019,0.6969
6/06/2019,0.6976
7/06/2019,0.6999
8/06/2019,0.6999
10/06/2019,0.6961
11/06/2019,0.696
12/06/2019,0.6931
13/06/2019,0.6915
14/06/2019,0.6873
15/06/2019,0.6873
17/06/2019,0.6855
18/06/2019,0.6877
19/06/2019,0.6887
20/06/2019,0.692
21/06/2019,0.6932
22/06/2019,0.6932
24/06/2019,0.6966
25/06/2019,0.6957
26/06/2019,0.6985
27/06/2019,0.7005
28/06/2019,0.7022
29/06/2019,0.7022
2/07/2019,0.6994
3/07/2019,0.7035
4/07/2019,0.7027
5/07/2019,0.6994
6/07/2019,0.6986
8/07/2019,0.6973
9/07/2019,0.6928
10/07/2019,0.6966
11/07/2019,0.6974
12/07/2019,0.7021
13/07/2019,0.7021
15/07/2019,0.7041
16/07/2019,0.7013
17/07/2019,0.7011
18/07/2019,0.7058
19/07/2019,0.704
20/07/2019,0.704
22/07/2019,0.7033
23/07/2019,0.7002
24/07/2019,0.6977
25/07/2019,0.6952
26/07/2019,0.6913
27/07/2019,0.6913
29/07/2019,0.6904
30/07/2019,0.6874
31/07/2019,0.6848
1/08/2019,0.6799
2/08/2019,0.6802
3/08/2019,0.6802
5/08/2019,0.6765
6/08/2019,0.6764
7/08/2019,0.6762
8/08/2019,0.6799
9/08/2019,0.6787
10/08/2019,0.6787
12/08/2019,0.6751
13/08/2019,0.6796
14/08/2019,0.6753
15/08/2019,0.6775
16/08/2019,0.678
17/08/2019,0.678
19/08/2019,0.6765
20/08/2019,0.6777
21/08/2019,0.6783
22/08/2019,0.6763
