Date,Price,CVol,Change,% Change,Open,High,Low
8/12/2019,6584,0,0,0,"6,580.70","6,587.20","6,555.10"
8/09/2019,6584,664700,-184.14,-2.72,"6,762.90","6,764.80","6,444.40"
8/02/2019,6769,609521,-24.82,-0.37,"6,794.40","6,875.50","6,747.80"
07/26/19,6793,664358,93.04,1.39,"6,701.30","6,818.00","6,673.20"
07/19/19,6700,482743,3.8,0.06,"6,694.90","6,705.40","6,626.60"
7/12/2019,6697,565573,-54.74,-0.81,"6,740.00","6,740.00","6,641.40"
7/05/2019,6751,579053,132.51,2,"6,631.50","6,769.60","6,631.40"
06/28/19,6619,754152,-32.01,-0.48,"6,647.50","6,680.30","6,606.30"
06/21/19,6651,1162799,96.79,1.48,"6,550.30","6,691.50","6,527.00"
06/14/19,6554,584250,110.11,1.71,"6,454.30","6,587.30","6,453.60"
6/07/2019,6444,600016,47.04,0.74,"6,383.70","6,443.90","6,315.60"
05/31/19,6397,742869,-59.19,-0.92,"6,455.80","6,491.70","6,362.20"
05/24/19,6456,585617,90.74,1.43,"6,383.00","6,510.90","6,381.70"
05/17/19,6365,590227,54.45,0.86,"6,298.20","6,398.30","6,203.10"
5/10/2019,6311,516076,-24.95,-0.39,"6,326.90","6,341.90","6,241.50"
5/03/2019,6336,520286,-49.85,-0.78,"6,385.50","6,385.50","6,316.30"
04/26/19,6386,553481,125.83,2.01,"6,267.20","6,390.50","6,267.20"
04/18/19,6260,564411,8.49,0.14,"6,253.40","6,286.00","6,237.60"
4/12/2019,6251,518927,70.06,1.13,"6,181.30","6,251.30","6,181.30"
4/05/2019,6181,494452,0.53,0.01,"6,189.30","6,287.90","6,169.80"
03/29/19,6181,789633,-14.5,-0.23,"6,177.40","6,213.40","6,096.80"
03/22/19,6195,537958,20.06,0.32,"6,175.20","6,227.10","6,134.00"
03/15/19,6175,1173805,-28.59,-0.46,"6,203.80","6,222.90","6,127.30"
3/08/2019,6204,646238,11.03,0.18,"6,198.00","6,270.90","6,175.70"
3/01/2019,6193,715509,25.42,0.41,"6,180.10","6,209.90","6,106.00"
02/22/19,6167,788345,101.21,1.67,"6,075.80","6,176.20","6,073.70"
02/15/19,6066,662251,-5.36,-0.09,"6,075.10","6,094.00","6,028.60"
2/08/2019,6071,616478,208.63,3.56,"5,865.00","6,105.90","5,848.90"
2/01/2019,5863,728300,-42.77,-0.72,"5,907.00","5,912.60","5,857.40"
01/25/19,5906,658250,26.01,0.44,"5,889.80","5,915.20","5,831.40"
01/18/19,5880,450672,105.01,1.82,"5,774.00","5,888.10","5,756.90"
1/11/2019,5775,398455,155.23,2.76,"5,643.10","5,808.60","5,643.10"
1/04/2019,5619,475822,-34.97,-0.62,"5,660.00","5,700.60","5,552.00"
12/28/18,5654,372355,186.68,3.41,"5,459.30","5,654.30","5,410.20"
12/21/18,5468,1377983,-134.34,-2.4,"5,599.60","5,665.60","5,426.60"
12/14/18,5602,660907,-79.51,-1.4,"5,675.60","5,682.10","5,549.30"
12/07/2018,5681,584447,14.33,0.25,"5,685.50","5,771.20","5,610.00"
11/30/18,5667,1213154,-49.05,-0.86,"5,703.40","5,778.70","5,655.60"
11/23/18,5716,430985,-14.35,-0.25,"5,730.30","5,731.30","5,594.00"
11/16/18,5731,495360,-191.3,-3.23,"5,903.50","5,941.30","5,686.80"
11/09/2018,5922,545711,72.64,1.24,"5,843.70","5,935.50","5,817.70"
11/02/2018,5849,639468,184.05,3.25,"5,672.00","5,877.20","5,671.70"
10/26/18,5665,849827,-274.33,-4.62,"5,929.10","5,929.70","5,624.60"
10/19/18,5939,534227,43.82,0.74,"5,889.10","5,942.80","5,796.00"
10/12/2018,5896,815561,-289.81,-4.69,"6,177.40","6,177.40","5,846.70"
10/05/2018,6185,469844,-22.08,-0.36,"6,197.30","6,199.50","6,118.40"
09/28/18,6208,693505,13,0.21,"6,195.20","6,234.40","6,166.80"
09/21/18,6195,1035943,29.23,0.47,"6,161.50","6,209.60","6,142.30"
09/14/18,6165,536526,21.52,0.35,"6,141.30","6,181.50","6,123.80"
9/07/2018,6144,539747,-175.68,-2.78,"6,319.80","6,333.70","6,102.00"
08/31/18,6319,755959,72.17,1.16,"6,247.50","6,373.50","6,230.90"
08/24/18,6247,861755,-91.91,-1.45,"6,338.40","6,358.00","6,238.00"
08/17/18,6339,589150,60.84,0.97,"6,278.10","6,348.10","6,239.60"
8/10/2018,6278,451652,43.62,0.7,"6,247.90","6,313.60","6,244.40"
8/03/2018,6235,473619,-65.45,-1.04,"6,297.00","6,298.60","6,231.20"
07/27/18,6300,756565,14.38,0.23,"6,281.40","6,302.30","6,214.50"
07/20/18,6286,449803,17.46,0.28,"6,267.60","6,297.90","6,199.90"
07/13/18,6268,425173,-3.9,-0.06,"6,277.50","6,306.10","6,209.60"
7/06/2018,6272,512655,77.66,1.25,"6,195.10","6,273.50","6,174.40"
06/29/18,6195,741080,-30.59,-0.49,"6,225.70","6,250.80","6,161.10"
06/22/18,6225,594131,131.2,2.15,"6,085.60","6,249.30","6,085.20"
06/15/18,6094,1038051,48.85,0.81,"6,049.90","6,100.10","6,007.50"
6/08/2018,6045,469745,54.79,0.91,"5,999.60","6,070.70","5,982.20"
6/01/2018,5990,474667,-42.43,-0.7,"6,020.90","6,025.20","5,964.10"
05/25/18,6033,549106,-54.53,-0.9,"6,083.10","6,094.90","6,011.90"
05/18/18,6087,469132,-28.83,-0.47,"6,113.80","6,146.80","6,077.60"
5/11/2018,6116,476439,53.29,0.88,"6,063.20","6,145.20","6,063.20"
5/04/2018,6063,571701,109.25,1.83,"5,949.60","6,109.70","5,945.60"
04/27/18,5954,641617,84.87,1.45,"5,870.30","5,953.60","5,868.90"
04/20/18,5869,498399,39.7,0.68,"5,837.20","5,902.90","5,836.20"
04/13/18,5829,412571,40.34,0.7,"5,786.70","5,864.00","5,771.10"
4/06/2018,5789,405156,29.37,0.51,"5,748.70","5,806.00","5,724.80"
03/29/18,5759,702062,-61.36,-1.05,"5,810.30","5,837.50","5,752.70"
03/23/18,5821,608963,-128.7,-2.16,"5,956.80","5,982.50","5,808.10"
03/16/18,5949,1048162,-13.81,-0.23,"5,971.30","6,026.10","5,906.10"
3/09/2018,5963,535440,34.34,0.58,"5,925.80","5,979.50","5,886.50"
3/02/2018,5929,571267,-70.89,-1.18,"6,006.60","6,083.00","5,902.20"
02/23/18,6000,721721,95.75,1.62,"5,904.40","6,003.40","5,890.20"
02/16/18,5904,583920,66.07,1.13,"5,839.70","5,938.10","5,791.30"
2/09/2018,5838,651042,-283.42,-4.63,"6,099.30","6,099.30","5,786.80"
2/02/2018,6121,511454,71.37,1.18,"6,053.80","6,121.40","5,993.60"
01/25/18,6050,512800,44.22,0.74,"6,011.70","6,066.30","5,991.90"
01/19/18,6006,527237,-64.25,-1.06,"6,082.90","6,103.60","6,002.20"
1/12/2018,6070,470368,-52.3,-0.85,"6,124.70","6,150.00","6,053.90"
1/05/2018,6122,388940,57.22,0.94,"6,062.80","6,124.80","6,035.80"
12/29/17,6065,0,-4.58,-0.08,"6,072.20","6,092.80","6,051.60"
12/22/17,6070,0,72.74,1.21,"5,997.00","6,087.20","5,997.00"
12/15/17,5997,956569,2.6,0.04,"5,999.90","6,043.40","5,989.80"
12/08/2017,5994,473585,4.61,0.08,"5,993.30","6,012.00","5,938.70"
12/01/2017,5990,0,7.21,0.12,"5,982.40","6,031.40","5,949.20"
11/24/17,5983,0,25.3,0.42,"5,951.60","5,998.10","5,922.60"
11/17/17,5957,446196,-72.12,-1.2,"6,019.40","6,028.30","5,916.10"
11/10/2017,6029,444623,69.5,1.17,"5,957.60","6,052.10","5,945.70"
11/03/2017,5960,468619,56.72,0.96,"5,903.60","5,968.20","5,903.60"
10/27/17,5903,623217,-3.83,-0.06,"5,908.50","5,938.10","5,859.20"
10/20/17,5907,486911,92.83,1.6,"5,823.30","5,924.90","5,823.30"
10/13/17,5814,438596,103.48,1.81,"5,710.80","5,825.20","5,710.80"
10/06/2017,5711,455850,29.06,0.51,"5,686.90","5,751.00","5,650.90"
09/29/17,5682,594321,-0.53,-0.01,"5,688.50","5,710.40","5,649.10"
09/22/17,5682,440686,-12.89,-0.23,"5,697.50","5,742.20","5,639.40"
09/15/17,5695,772648,22.41,0.39,"5,672.80","5,777.70","5,669.80"
9/08/2017,5673,480905,-51.97,-0.91,"5,721.30","5,721.30","5,661.40"
9/01/2017,5725,543039,-19.27,-0.34,"5,744.50","5,746.30","5,645.80"
08/25/17,5744,810392,-3.25,-0.06,"5,743.00","5,781.40","5,699.00"
08/18/17,5747,603402,53.97,0.95,"5,700.90","5,806.30","5,700.20"
8/11/2017,5693,598848,-27.44,-0.48,"5,730.50","5,795.50","5,674.00"
8/04/2017,5721,527116,17.76,0.31,"5,710.70","5,779.60","5,701.80"
07/28/17,5703,651086,-20.02,-0.35,"5,718.40","5,799.60","5,653.30"
07/21/17,5723,563921,-42.28,-0.73,"5,764.10","5,773.70","5,678.70"
07/14/17,5765,655374,61.55,1.08,"5,709.20","5,778.80","5,665.60"
7/07/2017,5704,586592,-17.93,-0.31,"5,720.30","5,792.00","5,676.00"
06/30/17,5721,827798,5.62,0.1,"5,716.70","5,819.70","5,685.20"
06/23/17,5716,540245,-58.16,-1.01,"5,772.70","5,809.30","5,665.30"
06/16/17,5774,1112992,96.23,1.69,"5,681.90","5,836.40","5,681.20"
6/09/2017,5678,612799,-110.31,-1.91,"5,781.40","5,781.50","5,629.80"
6/02/2017,5788,594935,36.45,0.63,"5,751.20","5,793.70","5,679.80"
05/26/17,5752,589731,24.26,0.42,"5,734.90","5,795.70","5,734.70"
05/19/17,5727,522483,-109.49,-1.88,"5,832.30","5,871.60","5,697.60"
5/12/2017,5837,596640,0.35,0.01,"5,844.00","5,922.50","5,815.60"
5/05/2017,5837,731175,-87.51,-1.48,"5,922.60","5,956.50","5,827.20"
04/28/17,5924,699673,69.92,1.19,"5,858.40","5,924.20","5,853.80"
04/21/17,5854,577212,-35.81,-0.61,"5,887.20","5,887.30","5,790.60"
04/13/17,5890,648025,27.48,0.47,"5,866.00","5,950.10","5,866.00"
4/07/2017,5862,558958,-2.44,-0.04,"5,861.00","5,888.60","5,833.00"
03/31/17,5865,634932,111.36,1.94,"5,738.50","5,901.50","5,698.10"
03/24/17,5754,587385,-46.1,-0.79,"5,795.00","5,796.60","5,681.00"
03/17/17,5800,923104,24.03,0.42,"5,773.40","5,815.00","5,727.70"
3/10/2017,5776,629581,46.01,0.8,"5,732.20","5,781.20","5,715.50"
3/03/2017,5730,615344,-9.38,-0.16,"5,732.30","5,776.60","5,675.00"
02/24/17,5739,870612,-66.83,-1.15,"5,800.10","5,810.10","5,729.90"
02/17/17,5806,674132,85.21,1.49,"5,727.60","5,833.20","5,725.60"
2/10/2017,5721,612336,99.03,1.76,"5,617.10","5,721.40","5,582.70"
2/03/2017,5622,541116,-92.41,-1.62,"5,708.50","5,708.90","5,606.20"
01/27/17,5714,492358,59.24,1.05,"5,648.90","5,714.20","5,604.30"
01/20/17,5655,558152,-66.37,-1.16,"5,728.50","5,763.40","5,646.60"
01/13/17,5721,565569,-34.46,-0.6,"5,754.60","5,827.50","5,710.00"
1/06/2017,5756,426604,89.79,1.58,"5,667.40","5,765.20","5,667.40"
12/30/16,5666,274965,37.84,0.67,"5,628.70","5,699.10","5,628.70"
12/23/16,5628,399904,95.02,1.72,"5,533.00","5,649.80","5,530.90"
12/16/16,5533,1067447,-27.69,-0.5,"5,560.00","5,595.70","5,510.00"
12/09/2016,5561,627024,116.6,2.14,"5,442.20","5,566.10","5,383.80"
12/02/2016,5444,691676,-63.77,-1.16,"5,498.80","5,504.10","5,423.20"
11/25/16,5508,763681,148.37,2.77,"5,356.90","5,520.90","5,334.90"
11/18/16,5359,642091,-11.32,-0.21,"5,359.60","5,366.40","5,286.20"
11/11/2016,5371,0,189.92,3.67,"5,185.80","5,370.70","5,052.10"
11/04/2016,5181,0,-103.02,-1.95,"5,280.80","5,329.10","5,178.00"
10/28/16,5284,0,-146.48,-2.7,"5,430.10","5,455.70","5,261.40"
10/21/16,5430,0,-3.71,-0.07,"5,431.10","5,457.90","5,386.10"
10/14/16,5434,0,-33.36,-0.61,"5,469.10","5,498.00","5,420.80"
10/07/2016,5467,618945,31.47,0.58,"5,441.80","5,493.10","5,439.80"
09/30/16,5436,658449,4.62,0.09,"5,427.70","5,473.30","5,372.30"
09/23/16,5431,0,134.6,2.54,"5,298.00","5,434.30","5,273.00"
09/16/16,5297,892934,-42.48,-0.8,"5,317.00","5,317.00","5,192.20"
9/09/2016,5339,0,-33.62,-0.63,"5,382.80","5,440.20","5,332.40"
9/02/2016,5373,0,-142.67,-2.59,"5,516.70","5,516.70","5,361.70"
08/26/16,5515,0,-11.21,-0.2,"5,523.30","5,574.00","5,508.70"
08/19/16,5527,566610,-4.23,-0.08,"5,522.70","5,549.80","5,498.70"
8/12/2016,5531,0,33.5,0.61,"5,507.50","5,553.80","5,483.70"
8/05/2016,5497,0,-64.95,-1.17,"5,564.00","5,611.20","5,465.70"
07/29/16,5562,0,64.17,1.17,"5,499.20","5,570.40","5,498.20"
07/22/16,5498,524230,68.62,1.26,"5,428.90","5,531.90","5,428.90"
07/15/16,5430,492900,199.03,3.81,"5,246.20","5,452.70","5,246.20"
7/08/2016,5231,447483,-16.07,-0.31,"5,243.20","5,282.30","5,148.70"
7/01/2016,5247,636761,133.43,2.61,"5,110.10","5,278.90","5,051.00"
06/24/16,5113,1049852,-49.48,-0.96,"5,178.80","5,325.40","5,080.00"
06/17/16,5163,1015415,-149.93,-2.82,"5,290.80","5,291.70","5,141.00"
6/10/2016,5313,468362,-6.29,-0.12,"5,321.50","5,392.50","5,294.20"
6/03/2016,5319,511278,-87.02,-1.61,"5,404.90","5,415.00","5,270.90"
05/27/16,5406,616440,54.61,1.02,"5,353.60","5,427.70","5,295.60"
05/20/16,5351,525238,22.32,0.42,"5,326.10","5,395.90","5,303.10"
05/13/16,5329,610085,36.94,0.7,"5,287.50","5,425.20","5,264.40"
5/06/2016,5292,708665,39.83,0.76,"5,246.20","5,357.00","5,182.20"
04/29/16,5252,665135,15.85,0.3,"5,227.70","5,281.60","5,179.50"
04/22/16,5236,572714,78.88,1.53,"5,144.10","5,279.90","5,118.50"
04/15/16,5157,533271,219.87,4.45,"4,942.10","5,157.50","4,910.80"
4/08/2016,4938,458797,-61.77,-1.24,"5,000.40","5,046.30","4,893.50"
4/01/2016,4999,579473,-84.82,-1.67,"5,082.20","5,098.20","4,976.30"
03/24/16,5084,699109,-98.92,-1.91,"5,186.00","5,195.70","5,069.20"
03/18/16,5183,1295604,16.73,0.32,"5,176.30","5,216.20","5,088.20"
3/11/2016,5166,548420,76.37,1.5,"5,105.00","5,182.50","5,081.90"
3/04/2016,5090,770821,210.07,4.3,"4,883.10","5,105.00","4,868.10"
02/26/16,4880,692489,-72.84,-1.47,"4,956.70","5,035.60","4,838.30"
02/19/16,4953,678871,187.45,3.93,"4,794.90","4,992.60","4,783.90"
2/12/2016,4765,694396,-210.83,-4.24,"4,965.90","4,980.00","4,706.70"
2/05/2016,4976,709273,-29.35,-0.59,"5,013.00","5,073.00","4,873.60"
01/29/16,5006,813062,89.57,1.82,"4,930.00","5,009.50","4,909.40"
01/22/16,4916,648059,23.15,0.47,"4,869.20","4,932.10","4,803.90"
01/15/16,4893,563347,-98.04,-1.96,"4,974.30","4,997.10","4,865.00"
1/08/2016,4991,630144,-305.02,-5.76,"5,292.80","5,331.40","4,940.30"
12/31/15,5296,259982,88.21,1.69,"5,199.20","5,325.80","5,189.10"
12/24/15,5208,229213,100.99,1.98,"5,098.40","5,211.50","5,075.20"
12/18/15,5107,1118314,77.21,1.54,"5,014.30","5,129.10","4,909.60"
12/11/2015,5029,629587,-122.16,-2.37,"5,168.90","5,229.90","4,995.60"
12/04/2015,5152,681941,-50.98,-0.98,"5,197.70","5,279.30","5,117.60"
11/27/15,5203,654888,-53.56,-1.02,"5,249.70","5,285.50","5,185.80"
11/20/15,5256,600438,204.89,4.06,"5,034.60","5,272.00","4,979.20"
11/13/15,5051,665742,-163.75,-3.14,"5,212.10","5,212.10","5,010.40"
11/06/2015,5215,584767,-24.43,-0.47,"5,242.00","5,313.70","5,152.80"
10/30/15,5239,778220,-112.13,-2.1,"5,361.60","5,384.80","5,204.00"
10/23/15,5352,700244,83.36,1.58,"5,267.50","5,374.50","5,195.40"
10/16/15,5268,609726,-11.48,-0.22,"5,279.30","5,294.30","5,164.20"
10/09/2015,5280,654214,227.67,4.51,"5,071.70","5,284.00","5,069.00"
10/02/2015,5052,483001,9.91,0.2,"5,039.10","5,119.20","4,918.40"
09/25/15,5042,686576,-128.39,-2.48,"5,149.80","5,149.80","4,988.80"
09/18/15,5171,1033116,99.42,1.96,"5,087.50","5,195.00","5,017.80"
9/11/2015,5071,583430,30.48,0.6,"5,037.40","5,221.10","4,973.40"
9/04/2015,5041,785394,-222.96,-4.24,"5,255.60","5,255.60","4,995.60"
08/28/15,5264,895391,48.96,0.94,"5,207.60","5,305.00","4,928.30"
08/21/15,5215,992809,-141.94,-2.65,"5,363.80","5,397.00","5,171.50"
08/14/15,5357,611220,-118.24,-2.16,"5,473.90","5,543.20","5,351.50"
8/07/2015,5475,565037,-224.39,-3.94,"5,698.60","5,727.70","5,474.80"
07/31/15,5699,706620,133.06,2.39,"5,565.90","5,699.50","5,530.90"
07/24/15,5566,501593,-104,-1.83,"5,670.00","5,718.90","5,548.00"
07/17/15,5670,479625,178.07,3.24,"5,489.00","5,691.20","5,451.10"
7/10/2015,5492,512955,-46.25,-0.84,"5,515.20","5,586.20","5,383.70"
7/03/2015,5538,589603,-7.6,-0.14,"5,528.00","5,609.90","5,390.50"
06/26/15,5546,826594,-51.11,-0.91,"5,594.20","5,705.80","5,524.10"
06/19/15,5597,1120047,51.74,0.93,"5,540.50","5,612.20","5,492.10"
6/12/2015,5545,517610,46.8,0.85,"5,501.30","5,556.70","5,453.10"
6/05/2015,5498,556381,-278.7,-4.82,"5,766.90","5,768.00","5,470.00"
05/29/15,5777,1186503,112.42,1.98,"5,666.30","5,803.00","5,666.30"
05/22/15,5665,469393,-70.75,-1.23,"5,733.20","5,734.70","5,574.60"
05/15/15,5735,571855,100.94,1.79,"5,653.50","5,747.00","5,616.00"
5/08/2015,5635,524962,-179.84,-3.09,"5,813.80","5,901.80","5,606.70"
5/01/2015,5814,550501,-118.89,-2,"5,940.00","5,985.60","5,749.90"
04/24/15,5933,664401,55.42,0.94,"5,870.30","5,935.00","5,807.80"
04/17/15,5878,568311,-90.5,-1.52,"5,967.70","5,996.40","5,869.50"
4/10/2015,5968,399985,69.78,1.18,"5,912.40","5,981.70","5,898.80"
4/02/2015,5899,547559,-21.35,-0.36,"5,910.80","5,931.50","5,828.10"
03/27/15,5920,636861,-55.55,-0.93,"5,978.40","5,995.00","5,877.10"
03/20/15,5975,1295004,160.95,2.77,"5,805.50","5,979.80","5,761.60"
03/13/15,5815,586559,-84.32,-1.43,"5,883.30","5,883.30","5,748.70"
3/06/2015,5899,599769,-29.91,-0.5,"5,930.00","5,996.90","5,869.20"
02/27/15,5929,1105553,47.23,0.8,"5,880.30","5,955.50","5,869.20"
02/20/15,5882,593384,4.07,0.07,"5,889.20","5,946.80","5,841.90"
02/13/15,5877,755613,57.3,0.98,"5,811.20","5,893.50","5,739.80"
2/06/2015,5820,572746,231.85,4.15,"5,594.40","5,850.90","5,591.10"
01/30/15,5588,890352,86.5,1.57,"5,498.60","5,619.50","5,497.30"
01/23/15,5502,592435,202.58,3.82,"5,321.50","5,501.80","5,282.40"
01/16/15,5299,583140,-166.33,-3.04,"5,451.00","5,451.50","5,267.40"
1/09/2015,5466,551163,29.64,0.55,"5,437.10","5,470.40","5,318.70"
1/02/2015,5436,275880,41.4,0.77,"5,398.90","5,486.70","5,387.00"
12/24/14,5395,232795,55.89,1.05,"5,348.70","5,442.00","5,348.70"
12/19/14,5339,1441674,119.08,2.28,"5,207.40","5,343.10","5,142.80"
12/12/2014,5220,642557,-115.76,-2.17,"5,335.50","5,404.10","5,188.00"
12/05/2014,5335,640560,22.33,0.42,"5,308.20","5,389.40","5,207.70"
11/28/14,5313,669411,8.7,0.16,"5,324.40","5,411.90","5,296.80"
11/21/14,5304,573413,-150.04,-2.75,"5,458.20","5,460.30","5,292.90"
11/14/14,5454,450275,-94.79,-1.71,"5,548.60","5,550.30","5,419.30"
11/07/2014,5549,734998,22.53,0.41,"5,525.50","5,549.10","5,481.00"
10/31/14,5527,736745,114.35,2.11,"5,414.60","5,526.60","5,414.60"
10/24/14,5412,604418,140.53,2.67,"5,289.10","5,425.70","5,289.10"
10/17/14,5272,744461,83.47,1.61,"5,173.40","5,308.50","5,122.00"
10/10/2014,5188,734291,-129.96,-2.44,"5,317.70","5,324.60","5,187.60"
10/03/2014,5318,497283,4.8,0.09,"5,309.90","5,337.20","5,246.20"
09/26/14,5313,631951,-119.64,-2.2,"5,433.20","5,434.00","5,309.80"
09/19/14,5433,979624,-98.08,-1.77,"5,524.10","5,524.10","5,373.40"
9/12/2014,5531,546056,-67.55,-1.21,"5,599.90","5,607.90","5,509.80"
9/05/2014,5599,488425,-27.2,-0.48,"5,629.80","5,672.70","5,592.90"
08/29/14,5626,891496,-19.72,-0.35,"5,639.30","5,652.30","5,614.30"
08/22/14,5646,569739,79.09,1.42,"5,568.70","5,679.50","5,567.30"
08/15/14,5567,490884,131.21,2.41,"5,448.10","5,578.50","5,448.00"
8/08/2014,5435,691470,-121.06,-2.18,"5,551.10","5,551.60","5,425.20"
8/01/2014,5556,631863,-27.13,-0.49,"5,578.50","5,644.20","5,544.00"
07/25/14,5584,568159,51.84,0.94,"5,533.00","5,598.20","5,530.10"
07/18/14,5532,562805,44.87,0.82,"5,490.00","5,561.10","5,484.10"
7/11/2014,5487,492180,-38.18,-0.69,"5,530.20","5,535.90","5,439.50"
7/04/2014,5525,501489,79.92,1.47,"5,444.80","5,531.70","5,370.90"
06/27/14,5445,758026,25.58,0.47,"5,427.00","5,480.10","5,378.80"
06/20/14,5419,897933,14.42,0.27,"5,407.50","5,468.20","5,380.30"
06/13/14,5405,688433,-58.98,-1.08,"5,472.40","5,496.30","5,373.60"
6/06/2014,5464,541257,-28.51,-0.52,"5,484.10","5,526.00","5,416.80"
05/30/14,5493,1073757,-0.24,0,"5,497.50","5,541.70","5,492.50"
05/23/14,5493,588717,13.74,0.25,"5,473.10","5,507.40","5,372.10"
05/16/14,5479,532811,18.2,0.33,"5,458.60","5,510.80","5,432.00"
5/09/2014,5461,517056,2.78,0.05,"5,464.10","5,493.00","5,417.40"
5/02/2014,5458,534948,-72.95,-1.32,"5,527.70","5,554.50","5,430.40"
04/24/14,5531,612591,76.77,1.41,"5,455.50","5,537.80","5,452.40"
04/17/14,5454,534395,25.58,0.47,"5,424.30","5,459.40","5,358.90"
4/11/2014,5429,566744,5.82,0.11,"5,419.10","5,503.50","5,391.30"
4/04/2014,5423,486078,55.89,1.04,"5,376.10","5,422.80","5,350.50"
03/28/14,5367,696464,28.86,0.54,"5,332.40","5,394.20","5,301.40"
03/21/14,5338,1210417,8.69,0.16,"5,328.00","5,362.20","5,288.50"
03/14/14,5329,601838,-132.91,-2.43,"5,446.00","5,446.00","5,329.40"
3/07/2014,5462,594731,57.49,1.06,"5,391.10","5,462.30","5,340.30"
02/28/14,5405,990036,-33.87,-0.62,"5,441.50","5,461.70","5,401.60"
02/21/14,5439,756170,82.44,1.54,"5,359.90","5,452.40","5,355.40"
02/14/14,5356,536974,189.73,3.67,"5,177.10","5,356.30","5,175.50"
2/07/2014,5167,665802,-23.47,-0.45,"5,187.60","5,198.30","5,052.20"
01/31/14,5190,606305,-50.93,-0.97,"5,219.80","5,229.10","5,158.90"
01/24/14,5241,616265,-64.94,-1.22,"5,306.40","5,331.50","5,240.90"
01/17/14,5306,549832,-6.52,-0.12,"5,316.00","5,319.30","5,207.50"
1/10/2014,5312,480200,-37.71,-0.7,"5,353.30","5,362.00","5,295.40"
1/03/2014,5350,315449,26.04,0.49,"5,332.90","5,383.40","5,325.80"
12/27/13,5324,229034,58.84,1.12,"5,262.90","5,365.30","5,257.40"
12/20/13,5265,1355753,166.79,3.27,"5,090.50","5,265.20","5,059.70"
12/13/13,5098,656347,-87.59,-1.69,"5,195.30","5,207.60","5,028.20"
12/06/2013,5186,533434,-134.03,-2.52,"5,322.20","5,332.70","5,154.60"
11/29/13,5320,627365,-15.86,-0.3,"5,336.30","5,375.10","5,308.10"
11/22/13,5336,549984,-65.76,-1.22,"5,404.00","5,404.00","5,284.90"
11/15/13,5402,567961,1.01,0.02,"5,410.10","5,439.20","5,308.50"
11/08/2013,5401,598539,-10.46,-0.19,"5,414.50","5,438.40","5,379.90"
11/01/2013,5411,462321,24.78,0.46,"5,395.50","5,457.30","5,395.50"
10/25/13,5386,0,64.88,1.22,"5,330.30","5,402.40","5,330.30"
10/18/13,5321,0,90.59,1.73,"5,228.70","5,326.50","5,186.80"
10/11/2013,5231,0,22.86,0.44,"5,207.60","5,239.60","5,118.90"
10/04/2013,5208,0,-99.04,-1.87,"5,297.70","5,297.70","5,197.70"
09/27/13,5307,0,30.37,0.58,"5,264.30","5,314.30","5,217.90"
09/20/13,5277,0,57.06,1.09,"5,228.80","5,300.10","5,227.60"
09/13/13,5220,0,74.64,1.45,"5,151.70","5,252.10","5,146.10"
9/06/2013,5145,0,10.03,0.2,"5,127.10","5,207.70","5,115.10"
08/30/13,5135,0,11.6,0.23,"5,124.00","5,157.10","5,064.10"
08/23/13,5123,0,9.5,0.19,"5,112.20","5,142.10","5,028.00"
08/16/13,5114,0,58.65,1.16,"5,064.40","5,168.20","5,048.10"
8/09/2013,5055,0,-61.55,-1.2,"5,114.60","5,117.70","5,007.90"
8/02/2013,5117,0,74.74,1.48,"5,041.90","5,116.80","5,025.60"
07/26/13,5042,0,69.93,1.41,"4,974.90","5,062.60","4,974.90"
07/19/13,4972,0,-1.79,-0.04,"4,978.10","5,010.10","4,960.10"
7/12/2013,4974,0,132.14,2.73,"4,833.70","5,012.50","4,786.10"
7/05/2013,4842,0,39.16,0.82,"4,802.00","4,853.40","4,702.70"
06/28/13,4803,0,63.79,1.35,"4,728.30","4,833.40","4,632.30"
06/21/13,4739,0,-52.96,-1.11,"4,773.20","4,861.40","4,683.30"
06/14/13,4792,0,54.05,1.14,"4,746.50","4,792.60","4,658.60"
6/07/2013,4738,0,-188.87,-3.83,"4,919.80","4,933.30","4,732.30"
05/31/13,4927,0,-56.93,-1.14,"4,983.80","4,993.20","4,897.90"
05/24/13,4983,0,-197.28,-3.81,"5,187.20","5,246.90","4,954.90"
05/17/13,5181,0,-25.32,-0.49,"5,203.50","5,249.60","5,156.80"
5/10/2013,5206,0,76.59,1.49,"5,146.70","5,242.50","5,118.90"
5/03/2013,5129,0,31.99,0.63,"5,098.10","5,195.10","5,098.10"
04/26/13,5098,0,165.6,3.36,"4,932.60","5,135.00","4,932.60"
04/19/13,4932,0,-81.62,-1.63,"5,005.30","5,006.10","4,914.00"
4/12/2013,5014,0,122.11,2.5,"4,898.70","5,023.00","4,889.60"
4/05/2013,4891,0,-75.07,-1.51,"4,964.80","5,011.90","4,883.70"
03/28/13,4966,0,-0.76,-0.02,"4,968.80","5,023.20","4,942.50"
03/22/13,4967,0,-152.98,-2.99,"5,101.70","5,101.70","4,927.90"
03/15/13,5120,0,-3.2,-0.06,"5,120.80","5,163.50","5,032.20"
3/08/2013,5123,0,37.31,0.73,"5,068.20","5,135.70","5,009.60"
3/01/2013,5086,0,67.99,1.35,"5,016.80","5,112.50","4,978.40"
02/22/13,5018,0,-15.77,-0.31,"5,041.20","5,106.60","4,975.90"
02/15/13,5034,0,62.62,1.26,"4,969.10","5,045.40","4,959.00"
2/08/2013,4971,0,50.2,1.02,"4,927.20","4,971.30","4,869.50"
2/01/2013,4921,0,85.92,1.78,"4,842.40","4,922.60","4,841.60"
01/25/13,4835,0,63.95,1.34,"4,773.30","4,835.20","4,762.60"
01/18/13,4771,0,61.74,1.31,"4,708.90","4,787.20","4,706.40"
1/11/2013,4709,0,-14.29,-0.3,"4,726.80","4,750.70","4,689.80"
1/04/2013,4724,0,52.48,1.12,"4,666.00","4,743.40","4,644.80"
12/28/12,4671,0,47.72,1.03,"4,625.70","4,688.60","4,625.70"
12/21/12,4624,0,40.47,0.88,"4,583.30","4,658.70","4,569.40"
12/14/12,4583,0,31.35,0.69,"4,552.20","4,603.50","4,552.20"
12/07/2012,4552,0,45.72,1.01,"4,509.80","4,554.10","4,500.20"
11/30/12,4506,0,93.02,2.11,"4,413.00","4,514.20","4,415.50"
11/23/12,4413,0,76.16,1.76,"4,345.10","4,428.60","4,340.00"
11/16/12,4337,0,-125.18,-2.81,"4,458.50","4,465.20","4,334.30"
11/09/2012,4462,0,1.97,0.04,"4,457.40","4,519.30","4,436.20"
11/02/2012,4460,0,-12.33,-0.28,"4,475.40","4,524.80","4,457.30"
10/26/12,4472,0,-98.69,-2.16,"4,558.50","4,565.00","4,472.10"
10/19/12,4571,0,84.5,1.88,"4,484.70","4,581.80","4,479.20"
10/12/2012,4487,0,-7.8,-0.17,"4,494.70","4,512.80","4,460.40"
10/05/2012,4494,0,107.36,2.45,"4,384.40","4,495.80","4,375.00"
09/28/12,4387,0,-21.27,-0.48,"4,404.20","4,404.40","4,336.90"
09/21/12,4408,0,18.34,0.42,"4,404.20","4,421.00","4,383.30"
09/14/12,4390,0,64.12,1.48,"4,339.30","4,398.30","4,316.70"
9/07/2012,4326,0,9.72,0.23,"4,310.00","4,358.30","4,261.20"
08/31/12,4316,0,-32.88,-0.76,"4,351.40","4,375.80","4,302.50"
08/24/12,4349,0,-21.11,-0.48,"4,372.50","4,403.90","4,339.10"
08/17/12,4370,0,92.8,2.17,"4,284.40","4,370.10","4,267.10"
8/10/2012,4277,0,55.82,1.32,"4,241.70","4,330.40","4,241.70"
8/03/2012,4221,0,11.71,0.28,"4,219.40","4,288.10","4,212.70"
07/27/12,4210,0,10.65,0.25,"4,186.70","4,209.80","4,084.40"
07/20/12,4199,0,116.88,2.86,"4,093.60","4,215.60","4,093.60"
07/13/12,4082,0,-75.56,-1.82,"4,148.40","4,148.40","4,062.30"
7/06/2012,4158,0,63.17,1.54,"4,098.00","4,175.80","4,098.00"
06/29/12,4095,0,46.42,1.15,"4,046.50","4,117.00","3,993.80"
06/22/12,4048,0,-9.12,-0.22,"4,071.20","4,159.30","4,038.60"
06/15/12,4057,0,-6.36,-0.16,"4,062.30","4,087.80","4,026.50"
6/08/2012,4064,0,-0.19,0,"4,047.20","4,121.40","3,985.00"
6/01/2012,4064,0,34.64,0.86,"4,034.60","4,118.00","4,030.40"
05/25/12,4029,0,-17.21,-0.43,"4,051.70","4,122.60","4,024.80"
05/18/12,4046,0,-238.61,-5.57,"4,287.50","4,304.40","4,026.50"
5/11/2012,4285,0,-110.97,-2.52,"4,375.40","4,375.40","4,257.90"
5/04/2012,4396,0,33.99,0.78,"4,373.10","4,448.50","4,373.00"
04/27/12,4362,0,-4.45,-0.1,"4,364.30","4,393.80","4,337.70"
04/20/12,4367,0,43.19,1,"4,312.50","4,377.10","4,286.40"
04/13/12,4323,0,3.46,0.08,"4,308.90","4,330.50","4,246.10"
4/05/2012,4320,0,-15.4,-0.36,"4,348.80","4,377.50","4,286.30"
03/30/12,4335,0,64.86,1.52,"4,270.30","4,361.10","4,262.80"
03/23/12,4270,0,-5.77,-0.13,"4,282.70","4,309.00","4,238.40"
03/16/12,4276,0,64.17,1.52,"4,215.10","4,294.90","4,193.90"
3/09/2012,4212,0,-61.12,-1.43,"4,269.00","4,273.60","4,143.70"
3/02/2012,4273,0,-33.67,-0.78,"4,296.30","4,318.80","4,248.00"
02/24/12,4307,0,110.9,2.64,"4,213.70","4,307.50","4,209.60"
02/17/12,4196,0,-49.45,-1.16,"4,244.90","4,289.70","4,170.20"
2/10/2012,4245,0,-5.84,-0.14,"4,266.00","4,312.00","4,244.90"
2/03/2012,4251,0,-37.2,-0.87,"4,286.70","4,294.70","4,225.70"
01/27/12,4288,0,48.73,1.15,"4,236.30","4,315.60","4,218.40"
01/20/12,4240,0,43.74,1.04,"4,191.30","4,258.40","4,138.50"
01/13/12,4196,0,87.37,2.13,"4,118.10","4,203.60","4,088.70"
1/06/2012,4109,0,51.96,1.28,"4,069.30","4,202.40","4,069.10"
12/30/11,4057,0,-83.85,-2.03,"4,140.10","4,142.60","4,038.10"
12/23/11,4140,0,-18.81,-0.45,"4,147.80","4,148.20","4,050.30"
12/16/11,4159,0,-43.79,-1.04,"4,222.00","4,271.90","4,115.20"
12/09/2011,4203,0,-84.99,-1.98,"4,292.60","4,335.20","4,186.10"
12/02/2011,4288,0,303.66,7.62,"3,997.10","4,288.00","3,996.80"
11/25/11,3984,0,-192.62,-4.61,"4,174.20","4,181.40","3,973.80"
11/18/11,4177,0,-119.56,-2.78,"4,310.50","4,363.10","4,172.60"
11/11/2011,4297,0,15.4,0.36,"4,281.90","4,365.00","4,205.00"
11/04/2011,4281,0,-72.15,-1.66,"4,349.20","4,358.20","4,141.30"
10/28/11,4353,0,211.39,5.1,"4,154.50","4,417.60","4,154.50"
10/21/11,4142,0,-63.76,-1.52,"4,221.70","4,287.70","4,131.90"
10/14/11,4206,0,42.78,1.03,"4,157.60","4,256.10","4,146.90"
10/07/2011,4163,0,154.26,3.85,"3,990.60","4,182.00","3,840.20"
09/30/11,4009,0,105.44,2.7,"3,916.40","4,053.80","3,862.40"
09/23/11,3903,0,-246.23,-5.93,"4,139.50","4,141.40","3,882.20"
09/16/11,4149,0,-45.32,-1.08,"4,169.30","4,170.00","3,997.60"
9/09/2011,4195,0,-48.17,-1.14,"4,221.20","4,232.00","4,072.70"
9/02/2011,4243,0,42.87,1.02,"4,208.80","4,354.60","4,208.80"
08/26/11,4200,0,98.07,2.39,"4,099.00","4,238.60","4,075.10"
08/19/11,4102,0,-70.68,-1.69,"4,194.30","4,324.70","4,099.40"
8/12/2011,4173,0,67.23,1.64,"4,078.60","4,216.10","3,765.90"
8/05/2011,4105,0,-319.25,-7.22,"4,440.60","4,517.40","4,087.70"
07/29/11,4425,0,-178.21,-3.87,"4,595.30","4,595.40","4,421.10"
07/22/11,4603,0,129.33,2.89,"4,473.10","4,612.20","4,445.00"
07/15/11,4474,0,-181.22,-3.89,"4,641.30","4,641.50","4,454.30"
7/08/2011,4655,0,63.54,1.38,"4,603.50","4,657.40","4,582.50"
7/01/2011,4591,0,83.08,1.84,"4,499.80","4,622.00","4,453.70"
06/24/11,4508,0,23.18,0.52,"4,487.90","4,565.90","4,451.70"
06/17/11,4485,0,-77.18,-1.69,"4,549.70","4,593.30","4,465.90"
6/10/2011,4562,0,-20.95,-0.46,"4,577.30","4,589.20","4,518.10"
6/03/2011,4583,0,-100.92,-2.15,"4,684.60","4,724.80","4,578.00"
05/27/11,4684,0,-48.21,-1.02,"4,720.40","4,720.40","4,582.70"
05/20/11,4732,0,20.83,0.44,"4,691.50","4,763.90","4,641.40"
05/13/11,4711,0,-31.68,-0.67,"4,752.90","4,795.90","4,675.40"
5/06/2011,4743,0,-80.2,-1.66,"4,826.30","4,835.50","4,713.40"
04/29/11,4823,0,-90.56,-1.84,"4,919.70","4,930.60","4,794.80"
04/21/11,4914,0,61.66,1.27,"4,852.60","4,915.50","4,788.60"
04/15/11,4852,0,-88.42,-1.79,"4,943.30","4,976.40","4,852.10"
4/08/2011,4941,0,78.73,1.62,"4,868.40","4,941.60","4,868.40"
4/01/2011,4862,0,119.19,2.51,"4,733.50","4,878.80","4,721.50"
03/25/11,4743,0,116.2,2.51,"4,625.30","4,763.00","4,606.40"
03/18/11,4626,0,-18.39,-0.4,"4,633.40","4,634.80","4,477.40"
3/11/2011,4645,0,-219.44,-4.51,"4,850.70","4,852.40","4,630.70"
3/04/2011,4864,0,27.75,0.57,"4,839.60","4,864.30","4,779.40"
02/25/11,4837,0,-100.2,-2.03,"4,921.60","4,924.30","4,799.20"
02/18/11,4937,0,55.79,1.14,"4,891.10","4,944.40","4,885.10"
2/11/2011,4881,0,18.23,0.37,"4,860.10","4,931.20","4,859.50"
2/04/2011,4863,0,87.83,1.84,"4,757.90","4,870.20","4,717.60"
01/28/11,4775,0,19.24,0.4,"4,755.40","4,825.40","4,750.20"
01/21/11,4756,0,-45.83,-0.95,"4,803.70","4,839.20","4,740.50"
01/14/11,4801,0,96.44,2.05,"4,702.50","4,802.80","4,686.50"
1/07/2011,4705,0,-40.2,-0.85,"4,758.00","4,775.00","4,690.30"
12/31/10,4745,0,-32.02,-0.67,"4,768.40","4,799.90","4,745.20"
12/24/10,4777,0,14.18,0.3,"4,762.70","4,811.90","4,736.60"
12/17/10,4763,0,17.14,0.36,"4,749.60","4,784.30","4,749.60"
12/10/2010,4746,0,51.72,1.1,"4,696.30","4,750.00","4,688.00"
12/03/2010,4694,0,95.88,2.09,"4,596.00","4,717.10","4,557.00"
11/26/10,4598,0,-30.86,-0.67,"4,638.80","4,672.00","4,551.20"
11/19/10,4629,0,-63.53,-1.35,"4,692.80","4,714.20","4,612.00"
11/12/2010,4693,0,-107.91,-2.25,"4,802.80","4,810.50","4,681.60"
11/05/2010,4801,0,139.04,2.98,"4,665.70","4,815.00","4,665.70"
10/29/10,4662,0,13.37,0.29,"4,644.40","4,725.90","4,641.00"
10/22/10,4648,0,-40.73,-0.87,"4,688.80","4,688.80","4,583.00"
10/15/10,4689,0,7.54,0.16,"4,686.80","4,713.00","4,617.40"
10/08/2010,4681,0,102.17,2.23,"4,587.10","4,697.30","4,559.20"
10/01/2010,4579,0,-22.62,-0.49,"4,620.00","4,698.00","4,559.00"
09/24/10,4602,0,-37.03,-0.8,"4,633.40","4,664.50","4,585.10"
09/17/10,4639,0,78.64,1.72,"4,574.20","4,670.10","4,574.00"
9/10/2010,4560,0,19.05,0.42,"4,547.20","4,598.50","4,532.60"
9/03/2010,4541,0,171.09,3.91,"4,381.20","4,558.70","4,381.20"
08/27/10,4370,0,-60.8,-1.37,"4,433.00","4,439.40","4,313.90"
08/20/10,4431,0,-28.68,-0.64,"4,448.30","4,494.90","4,402.60"
08/13/10,4460,0,-106.46,-2.33,"4,560.00","4,598.70","4,382.10"
8/06/2010,4566,0,72.58,1.62,"4,494.80","4,584.10","4,494.30"
07/30/10,4493,0,35.09,0.79,"4,466.70","4,531.60","4,466.70"
07/23/10,4458,0,35.65,0.81,"4,404.30","4,472.30","4,345.20"
07/16/10,4423,0,26.43,0.6,"4,395.70","4,465.60","4,380.30"
7/09/2010,4396,0,157.59,3.72,"4,240.10","4,397.50","4,182.30"
7/02/2010,4239,0,-174.28,-3.95,"4,419.70","4,433.40","4,214.70"
06/25/10,4413,0,-138.89,-3.05,"4,568.00","4,622.00","4,409.30"
06/18/10,4552,0,46.44,1.03,"4,505.40","4,572.40","4,490.90"
6/11/2010,4505,0,56.09,1.26,"4,410.40","4,506.70","4,299.80"
6/04/2010,4449,0,-8.13,-0.18,"4,448.10","4,489.10","4,374.20"
05/28/10,4457,0,152.04,3.53,"4,320.40","4,460.80","4,265.30"
05/21/10,4305,0,-305.66,-6.63,"4,531.30","4,531.30","4,175.70"
05/14/10,4611,0,130.4,2.91,"4,497.20","4,652.80","4,497.20"
5/07/2010,4481,0,-326.66,-6.79,"4,782.80","4,804.50","4,427.30"
04/30/10,4807,0,-74.15,-1.52,"4,886.70","4,911.90","4,779.30"
04/23/10,4882,0,-103.14,-2.07,"4,965.10","4,970.20","4,875.80"
04/16/10,4985,0,36.57,0.74,"4,957.50","5,025.10","4,944.50"
4/09/2010,4948,0,40.36,0.82,"4,924.70","4,971.30","4,924.70"
4/01/2010,4908,0,10.84,0.22,"4,902.50","4,928.90","4,875.50"
03/26/10,4897,0,24.66,0.51,"4,858.80","4,911.10","4,826.90"
03/19/10,4872,0,54.11,1.12,"4,820.60","4,875.80","4,781.10"
3/12/2010,4818,0,50.88,1.07,"4,787.50","4,840.10","4,787.50"
3/05/2010,4767,0,129.52,2.79,"4,632.50","4,780.40","4,632.50"
02/26/10,4638,0,2.65,0.06,"4,654.30","4,718.30","4,589.90"
02/19/10,4635,0,72.97,1.6,"4,558.50","4,673.10","4,537.90"
2/12/2010,4562,0,48.03,1.06,"4,520.90","4,593.30","4,464.90"
2/05/2010,4514,0,-55.56,-1.22,"4,569.90","4,656.90","4,488.40"
01/29/10,4570,0,-180.99,-3.81,"4,725.70","4,725.70","4,566.70"
01/22/10,4751,0,-148.98,-3.04,"4,888.90","4,930.00","4,716.00"
01/15/10,4900,0,-12.54,-0.26,"4,921.40","4,955.10","4,852.90"
1/08/2010,4912,0,41.49,0.85,"4,864.20","4,938.50","4,862.30"
12/31/09,4871,0,79.79,1.67,"4,795.70","4,873.60","4,795.70"
12/24/09,4791,0,140.33,3.02,"4,660.40","4,790.90","4,635.10"
12/18/09,4651,0,15.29,0.33,"4,636.40","4,703.10","4,604.70"
12/11/2009,4635,0,-66.99,-1.42,"4,666.00","4,697.20","4,596.20"
12/04/2009,4702,0,130.15,2.85,"4,592.80","4,795.20","4,592.80"
11/27/09,4572,0,-113.7,-2.43,"4,688.80","4,763.90","4,562.70"
11/20/09,4686,0,-20.68,-0.44,"4,715.90","4,799.00","4,673.20"
11/13/09,4706,0,112.4,2.45,"4,596.80","4,796.60","4,596.80"
11/06/2009,4594,0,-49.19,-1.06,"4,612.60","4,612.60","4,502.50"
10/30/09,4643,0,-216.17,-4.45,"4,846.90","4,848.80","4,562.50"
10/23/09,4859,0,22.96,0.47,"4,830.40","4,871.30","4,772.10"
10/16/09,4836,0,83.59,1.76,"4,762.40","4,895.30","4,736.90"
10/09/2009,4753,0,151.2,3.29,"4,601.70","4,803.50","4,582.90"
10/02/2009,4602,0,-111.61,-2.37,"4,703.80","4,767.90","4,601.50"
09/25/09,4713,0,20.02,0.43,"4,687.40","4,735.60","4,639.40"
09/18/09,4693,0,97.17,2.11,"4,595.70","4,749.70","4,518.80"
9/11/2009,4596,0,160.56,3.62,"4,443.10","4,608.60","4,435.50"
9/04/2009,4436,0,-54.07,-1.2,"4,485.70","4,537.20","4,410.00"
08/28/09,4490,0,199.03,4.64,"4,291.10","4,492.60","4,290.60"
08/21/09,4291,0,-170.45,-3.82,"4,461.00","4,461.00","4,260.70"
08/14/09,4461,0,161.56,3.76,"4,299.40","4,509.50","4,279.00"
8/07/2009,4299,0,,,"4,244.00","4,340.00","4,244.60"
